-- MySQL dump 10.13  Distrib 8.0.42, for macos15 (x86_64)
--
-- Host: localhost    Database: food
-- ------------------------------------------------------
-- Server version	9.3.0

/*!40101 SET @OLD_CHARACTER_SET_CLIENT=@@CHARACTER_SET_CLIENT */;
/*!40101 SET @OLD_CHARACTER_SET_RESULTS=@@CHARACTER_SET_RESULTS */;
/*!40101 SET @OLD_COLLATION_CONNECTION=@@COLLATION_CONNECTION */;
/*!50503 SET NAMES utf8 */;
/*!40103 SET @OLD_TIME_ZONE=@@TIME_ZONE */;
/*!40103 SET TIME_ZONE='+00:00' */;
/*!40014 SET @OLD_UNIQUE_CHECKS=@@UNIQUE_CHECKS, UNIQUE_CHECKS=0 */;
/*!40014 SET @OLD_FOREIGN_KEY_CHECKS=@@FOREIGN_KEY_CHECKS, FOREIGN_KEY_CHECKS=0 */;
/*!40101 SET @OLD_SQL_MODE=@@SQL_MODE, SQL_MODE='NO_AUTO_VALUE_ON_ZERO' */;
/*!40111 SET @OLD_SQL_NOTES=@@SQL_NOTES, SQL_NOTES=0 */;

--
-- Table structure for table `apiKeys`
--

DROP TABLE IF EXISTS `apiKeys`;
/*!40101 SET @saved_cs_client     = @@character_set_client */;
/*!50503 SET character_set_client = utf8mb4 */;
CREATE TABLE `apiKeys` (
  `id` char(36) CHARACTER SET utf8mb4 COLLATE utf8mb4_bin NOT NULL,
  `userId` char(36) CHARACTER SET utf8mb4 COLLATE utf8mb4_bin NOT NULL,
  `publicKey` text NOT NULL,
  `privateKey` text NOT NULL,
  `createdAt` datetime NOT NULL,
  `updatedAt` datetime NOT NULL,
  PRIMARY KEY (`id`)
) ENGINE=InnoDB DEFAULT CHARSET=utf8mb4 COLLATE=utf8mb4_0900_ai_ci;
/*!40101 SET character_set_client = @saved_cs_client */;

--
-- Dumping data for table `apiKeys`
--

LOCK TABLES `apiKeys` WRITE;
/*!40000 ALTER TABLE `apiKeys` DISABLE KEYS */;
INSERT INTO `apiKeys` VALUES ('10c68abc-4221-4a36-95f4-b65cbf5a9089','05f6188c-9213-4e88-a4d5-2696dfae09d1','-----BEGIN PUBLIC KEY-----\nMIIBIjANBgkqhkiG9w0BAQEFAAOCAQ8AMIIBCgKCAQEAxXiHyztdfBLHp01sFMBM\nNPhyHpcINpn1UQtzRKnKvkT76gv/mGAKR0qJMqm52lkskJs0JkaR0kN3rqz4VzxL\nE0jMsO4XVmj1JpE74aEYcdD/FwiaDeDW6npixrorjQIFT4ZZrVTMDZ4kK/xnFME0\n20/YDnGaeM+JFeLj/5XBXInSP9qgnPqG4z0YF9EMDGKQEQqqXseboqUxPL+OTCS2\nQrGelTkWIrXj+uTROBr2VMCuiMPLUSQBEyPNc7fgB+RM4GGfS1Dh8DPEE9N+IJKA\nR9cIpjVogaOC3wBK7Ppc9AtVZ6zia+7B1UmXduBoAGWwilLbXf1x2m6Dxkahm1dD\nGQIDAQAB\n-----END PUBLIC KEY-----\n','-----BEGIN PRIVATE KEY-----\nMIIEvgIBADANBgkqhkiG9w0BAQEFAASCBKgwggSkAgEAAoIBAQDFeIfLO118Esen\nTWwUwEw0+HIelwg2mfVRC3NEqcq+RPvqC/+YYApHSokyqbnaWSyQmzQmRpHSQ3eu\nrPhXPEsTSMyw7hdWaPUmkTvhoRhx0P8XCJoN4NbqemLGuiuNAgVPhlmtVMwNniQr\n/GcUwTTbT9gOcZp4z4kV4uP/lcFcidI/2qCc+objPRgX0QwMYpARCqpex5uipTE8\nv45MJLZCsZ6VORYiteP65NE4GvZUwK6Iw8tRJAETI81zt+AH5EzgYZ9LUOHwM8QT\n034gkoBH1wimNWiBo4LfAErs+lz0C1VnrOJr7sHVSZd24GgAZbCKUttd/XHaboPG\nRqGbV0MZAgMBAAECggEAD0tR6ibRi2LpeX7cuoE3zcj5zr54HYGAX2vtfDGR4Tl2\n0OZnwBGdLi8az/SXD08ljVgl+npwABrnXb0qGViTQH28k84G+vNzXE62lne7jNIo\n9aveAanqv1umA5oG9juENYf0cWEuUjYvu0Pn6HK74SoOk/TOx+FcDtjFO6YJxTzJ\nDMvjLyqimgGGCeMeguNglbMOmFe5KoDA5dTqRRkvlO9YUjVWE0Tqz3BPoN/TYlqs\nTYoK3Oci/PO9/I1YSDLGwaxwCmI1kJg/lryIoJRaSg8Jjfm2nLN5z4PIPKQPCNQJ\npQ4xwDOu2dseMs5SGdrWAd9mpFfGHG/ayPo91hYdwQKBgQDty0m05wHn2QxebvzI\n86rt5sW0FubJBj1ranJQiZL73DIeAKpRzCOc90TmjPUy/G+Nqi2Ahfwx8fm1htG8\n6DjIvAvIgKaR0Sf1azET0hXAQnmY4o9qrxnUX6gjyKc9loa2Z8NxEJfKj8UCndmb\n/Vc+uUJzSxSvlIVZHtg+M546WQKBgQDUlupN9gt+2Vz/kQDgbVVYD2Sm03cceUTi\nHgnuWzZDGPCGqUp+4mOlhF2ZGAAbW2P6CwJHFuIWtFcNgIk4P1Iy3NpyNw5AeKCj\nEKZUsIu/lyYXaIzGq42/UV/x6XixnNKQGqgbsUVmPQpGT+58XeR1WWMk02wrL3m1\nGwnoGeK2wQKBgBhDWNbzhzc/50ovau2aJ0O0+1E/0PaMA3JVXyqmju/R7O8wxDAq\ncyvN8yLPGSnFpiA/T/tAMJZsCT2jbv0meLzKqy0fK1/PhpM9B7ntArkmTz/xRg7t\npOYNiJt2GtJm7IHqHoAH4GUTvFdjAdQvylolDwmyjH7J2b1ZL1lRbQCpAoGBAMB9\nqchPqhcAn/l0hXOw697hiUSZIzfwAlQv2NQvWNGmalu0PBTpzkpXsRxnI+mhdcQ5\nZaWS7cKbJlu+cAEzLK2LVmymt0vfLayY7dKvTMp9BOubKiTVv3JlL1fvC+7ezbXX\nvTHd8LXjPUNvKsUHi05KUsBMg5wSz8QRqIW1spfBAoGBAMWKks/ep0ps4aKl0LVu\n7TdynbP6oHsV/z4JsgA7Mc5YfYqY5EDZq29LNjTBUg3RbCGa6PtD+8/1QleHYv9A\n1gDjb9/cZytGvnco2zebIny3nfAphNmX5KrPV6Xp9z/V7pFrFlYk6pCpDoFLMY/R\nj8eGAPcPoce9DpYzfFiseQ4Q\n-----END PRIVATE KEY-----\n','2025-07-23 03:12:14','2025-07-23 03:12:14'),('143093d2-7d3f-4944-b010-a530f600e1b2','05f6188c-9213-4e88-a4d5-2696dfae09d1','-----BEGIN PUBLIC KEY-----\nMIIBIjANBgkqhkiG9w0BAQEFAAOCAQ8AMIIBCgKCAQEAv77pf6O4Z7JP3u0i3m8t\nb+bIFqsRmfQMXgLY1A4PoOEGoKaaO8BRVOQTe9jBBuQkjp9BleY+S4OPuwDIx/mO\nEQz8Q+Z6G47ikZM4VJSWR57wtHTxIzegiR9lE4LS9n4a5cB5A47SOnscrkh7peOE\nV6QkF+KwYhGF/12BTEAjBk+/fPjfIcdc33eS5xIhaLPtIwsdJpAowXi2j4QL/IKb\nb/KD1N1Z04wNeZm22Ohf8Rml6veMkQr4RaG2hX06/bIwqqt3dLudZuJ8SrDpBgt4\n5PDVw66J7WUSLpq97gKpmMFoOc+SxuQJRM3QsreUUE+ZUnoxLlfWLA2kTXroSgWJ\nTwIDAQAB\n-----END PUBLIC KEY-----\n','-----BEGIN PRIVATE KEY-----\nMIIEvgIBADANBgkqhkiG9w0BAQEFAASCBKgwggSkAgEAAoIBAQC/vul/o7hnsk/e\n7SLeby1v5sgWqxGZ9AxeAtjUDg+g4Qagppo7wFFU5BN72MEG5CSOn0GV5j5Lg4+7\nAMjH+Y4RDPxD5nobjuKRkzhUlJZHnvC0dPEjN6CJH2UTgtL2fhrlwHkDjtI6exyu\nSHul44RXpCQX4rBiEYX/XYFMQCMGT798+N8hx1zfd5LnEiFos+0jCx0mkCjBeLaP\nhAv8gptv8oPU3VnTjA15mbbY6F/xGaXq94yRCvhFobaFfTr9sjCqq3d0u51m4nxK\nsOkGC3jk8NXDrontZRIumr3uAqmYwWg5z5LG5AlEzdCyt5RQT5lSejEuV9YsDaRN\neuhKBYlPAgMBAAECggEAAQoZ9vLlbfdeqZYavAJLSJjY2WRjPW2x37DRQqdAo2/L\n91huFp2cyJfcmS2N6XC1EOprxG6nC3ekgMWFQubuYCyCdVzijLAHcS559t2jkOt/\nC//WEiYU4lJN3AZ+6/IpZYACcpnEjTXUpSOrkF+Z/JBPEKujil5WSK5Hlf5myxg7\n9JWtkJ6W9QxAXB4amhMxtlIfchIhnn1nK4Eo8+EtQy97dZPQ9JIws7WretOodwoR\nFRUs1ULsx7Usm+2ikpDIjma4mTX8NZe84UKy4X8rpgthSp2MgloQQfoNFNla3UAj\nF1BtD39t0XFOZ24ct0f6suCE6kxDpDZgsYdA1koklQKBgQDf3cmp1xge8MZvZ0h4\nQwzKglyVoJECz931M3bGvE7dP/1cjsMhrNbX70q/s7WJ6x0ry6rciGj2tqnkqhXv\nhgjVtRJWxJTw2hEoSPcAeoch2WdE3Co8hz9c48V8ZlLUNZrpf3dnqDTAGIOUoAAy\nH+RC1yV+hg+nf9vxY4hMOXav7QKBgQDbRNFY3YcnxqukDc4GsP0TXW2RHIn1vSXJ\n8+7WamwBLcedFTnSCFbb3L7BoDxF9/4SF+iMz9e8+CnAK17Ef18Mr2xz9k4+DDH7\nvS0OeU5F6rsptP4HGHlqKiUoD+EJ1RQTHnNHoxNgZ1OXp4p7udN5QJups7jBAPdw\n7hG7GRleqwKBgQCK2hzADFq4rizWYmBvv17KqKrWX74x2U5ZTO9p+tiLoKn8Y8wi\nMfsb+h8J4mRCRCNWy7+Rg8Ze6BNeciSi6SbHrsTOLqYW8Zrcus0Bbf4s/5RvAIPu\nARFLAze1nh3X49vO4jHkiE8XqtzKLaeRb3h8AMgPvwUspkB8a3jZlnbITQKBgCFF\nF967/j3yzyhdT92EDWJa0r0p72TyBkHWWW7/RtQG9jrHdbaAvW0u2WLXxU14i3yD\nVC3Je5qYrP0Tl5WJHgr2syYFQWn4v7zKv4NqtI23SB7T75d0BzgsnOavQh4Tzq/3\n9tXv0IjYJL7mFQUg9Q142CWvt2DRnLnt5ZLWBBtxAoGBAIlkq3pFE50PsFEoh5IJ\n6GOZ68KKPX2yQRaFTDFy3Leu3LDO6TpqxjJdxIAUpgt1vT+hLZ+0UNXVX4EMikNc\nYtMIyyeP0TyGgJN2B2X15LOF5D5qQKE50iU3/46eM5sYA9c/joA5CdxgM/mGXLpz\nuqJOH028/oWv+4oNwZlBq3Mx\n-----END PRIVATE KEY-----\n','2025-07-14 09:49:50','2025-07-14 09:49:50'),('2f57e4da-86b5-4392-9689-b33a0f62100b','05f6188c-9213-4e88-a4d5-2696dfae09d1','-----BEGIN PUBLIC KEY-----\nMIIBIjANBgkqhkiG9w0BAQEFAAOCAQ8AMIIBCgKCAQEAiQZEd81gJ7bWCE0T7hn9\nEfGwOwAJ0Ly2+7Sa2Ml/jbYVyGmd6qPvI3I6hlljGhs5gTCcQ6TNbT23P4uaf6C/\nXkPKNjnfGCMILx88KEDeZhEttyhNxaIPT09z7Ln9GPEnI9iaBOftK870ErWi2ZDr\nodYKSiQPoEU/rvz90B4EOH3+IuvWYqJ6i7fRYJN2r1/u/E/q8C2ZIrQPu9hgAOmJ\niEpwYOt3KPazncCl3w+CkfMikTMyQ0gur08s9n40Uj4MsIZ5aHuw+Dx/o5Zmx3nw\nn8/5534X651qfsDIp4Z3QzAIVdzo78Pec8zn2oVglLDP/HN6p5NojTUngR7EIJqn\nDwIDAQAB\n-----END PUBLIC KEY-----\n','-----BEGIN PRIVATE KEY-----\nMIIEvQIBADANBgkqhkiG9w0BAQEFAASCBKcwggSjAgEAAoIBAQCJBkR3zWAnttYI\nTRPuGf0R8bA7AAnQvLb7tJrYyX+NthXIaZ3qo+8jcjqGWWMaGzmBMJxDpM1tPbc/\ni5p/oL9eQ8o2Od8YIwgvHzwoQN5mES23KE3Fog9PT3Psuf0Y8Scj2JoE5+0rzvQS\ntaLZkOuh1gpKJA+gRT+u/P3QHgQ4ff4i69ZionqLt9Fgk3avX+78T+rwLZkitA+7\n2GAA6YmISnBg63co9rOdwKXfD4KR8yKRMzJDSC6vTyz2fjRSPgywhnloe7D4PH+j\nlmbHefCfz/nnfhfrnWp+wMinhndDMAhV3Ojvw95zzOfahWCUsM/8c3qnk2iNNSeB\nHsQgmqcPAgMBAAECggEAKNB+GnVJO+shC63xzs1c7ThhduGHCu77TjQ4n3Q9kzd2\ne5DCIf8cnyFKP3RmqYMMeOfC0/9F1VE5wSrTJUr7VZe5prdMNYNRz79tCsxvslVR\nmaneqIyiJMyUyiGIOyKxtuKw1d9DbPYjC2OhE08wcK8xt23QXbviwTvIWnJmbXDi\nXzK5W251kp9rJ5g9+QCVqcfjUoalVAW6WW1BrcXUTMg8XVquF0BdfBYPWdwX/Z0g\nULWmn8+GyVAe8vrqNspd5BabFoDZlyd9kAFc4ze4UjkG8gIL/MzdsLY+mcrVTYHN\nmJ1tz1RJt3NZHlhI8G2LezwYspEtuny6S4quAN7RQQKBgQDA4FLq6Ny4YHHwQnl7\n97eCveyiKM49DaA1uoYzIRSeyvp3oP3S816h+bV+7Dx2aMs25G2cLhDyQmU/m/by\ncYx5h4fsG7nxeOL8tIu2/ysvVHCG8XumNzbglIf2sSGesXr0MRrSjoZhXM8Dz9ie\naSZ3bi3qrw/cyK9YLcPs78fkYQKBgQC13okfiVq8ARx+hpbbefmd0sDaFywPL4qA\nv6n5Afy6+FGYjNktebCA/+nm90pcg7u+VBui8RWhQwCccDvjXk5K1HsOA1uuDkC0\nDXenKKzQt6NdXJMr1bmwTi2n7m2QypTr7in1X/eC48ESxW1cfLyI4k/zGsGfyL1M\nZB1u7TJBbwKBgQCI2yM6t7xVv2lZV3Gn+t9lj6nmbhnYzGBPf2hVwzVEbzZFyCAS\nnMkbGXok8y77vePjsTXtSeqQW3hIKDyTTuqkGPzjFdFce7BkKx+v22MjFEE8HwDj\nse3ocLwA2TLHzZs2xdkIakUDtLzXMZW84VOADtfZ3BnfSS7R3LdW2dT2QQKBgA0o\nyvczMxODaRJmnqfGzZ7zzux43MFEiVsDg0L3N9g3e3/0QQqfUXwkCEKkBgdnqL/+\nyfkiRJRkirjHDi5HdpbHhRfgelO/yEK+7rdzo/1+LB3nQubbEhKFtZv/DoJ5hgkE\nNJkClqAr5p57FoyooeOtrGdEulnbZocOf2q1UvuVAoGAS5b63Ac3P5Bkgb4Mvf83\nDIL6NY95ugCTtQmZ5qZBgcBu4BfUtGwagK09G6Deno3GRxwlB0SGVmcbfVetQL0T\nmEmJD6mY0vZtSMnVFmphHkd9PdtEJ6l1GIfvxPulYRTlOxUYVhE16LPf4UoaENG6\nXWw2nLezWnBE5E65y9k2z2M=\n-----END PRIVATE KEY-----\n','2025-07-14 09:50:24','2025-07-14 09:50:24'),('3691f7ee-f268-46c1-a9ef-5048921609c7','05f6188c-9213-4e88-a4d5-2696dfae09d1','-----BEGIN PUBLIC KEY-----\nMIIBIjANBgkqhkiG9w0BAQEFAAOCAQ8AMIIBCgKCAQEAod4bqQebTBjOUiTYdLyR\nPHHxCc0MHx77lefM279ljwdGYnh7fB/mwb6u57lvTE0n9wRaWHzyMXGJhT54BF6c\nawRgNK09e47TngZlx5p71vIfXRBXISiiIkYSqnFmWTSIgtsfzv2fQYt6v8qptqI5\nw9nbgkhulJSIZZdCqscNSDzGu1nheNulL2YXQAQO1zGyZCEf6pi2oIOeFwCcxGod\noRJC/PV00nDz/Tc7n+cxYxNcAeqY8PDqDmc5BbCTep88TxXpd/qZI3ulHRzYVB4q\nQoz6+Pc4UrX8YzQiYGGbxav6/3o0xcbBZiOBQV57RSFzra3+co4C1iaUgMuxirS7\nowIDAQAB\n-----END PUBLIC KEY-----\n','-----BEGIN PRIVATE KEY-----\nMIIEvgIBADANBgkqhkiG9w0BAQEFAASCBKgwggSkAgEAAoIBAQCh3hupB5tMGM5S\nJNh0vJE8cfEJzQwfHvuV58zbv2WPB0ZieHt8H+bBvq7nuW9MTSf3BFpYfPIxcYmF\nPngEXpxrBGA0rT17jtOeBmXHmnvW8h9dEFchKKIiRhKqcWZZNIiC2x/O/Z9Bi3q/\nyqm2ojnD2duCSG6UlIhll0Kqxw1IPMa7WeF426UvZhdABA7XMbJkIR/qmLagg54X\nAJzEah2hEkL89XTScPP9Nzuf5zFjE1wB6pjw8OoOZzkFsJN6nzxPFel3+pkje6Ud\nHNhUHipCjPr49zhStfxjNCJgYZvFq/r/ejTFxsFmI4FBXntFIXOtrf5yjgLWJpSA\ny7GKtLujAgMBAAECggEADpRG8S2ztvdsVz66q6JeVyTmHR1gWvSQnCW8MGC9Vilw\nFVIdFobNuHlNyfuhmCxCOL/7c96RIT3vhoD5ZgoFfv1uaDWLBPQjgFIQMcRqz2c7\nHEfqqRxpT2VOAhcOV7jhFh7Zbxct6cU/1u17OsLC1C6Xqao6IjInVOB6YI+8KluB\nAh5pjdzdpVo5aoGS8UbypWvKJ1BTL7B/gEO3154Te3aKO7ukXqfeWmxcEjYNsKKp\nR9Y8cC02aF7zB7kX5h4FfwQGHqgcchlejwoje4EVRY7sGkJiRT4AjR0R47HJEfs/\nUoFWFa2ZZq9AT9TiqCJAyrpUNtUQ2XTiBlYrVIv/1QKBgQDPrXYpqMko2L0Ke7dx\niQyQc7mYQhUjNNY9w3W5RzAJHqdJpbLACWIMMeqiQXxc23LE5bg3ndz9LNIcswnA\n2Jw8FJz7AYud61WIPfHxiz1QwsaJyu6xV4UFEjZtTc54MDymJOIW3EzbTziK+cZZ\nbc5Idlpc7ugzCk2YX0nZM8udlQKBgQDHh+0V4B1vnV1b/BgL1m3+7nhVCPBLcvoY\nUokZQI6jW6b5RW1GkIm/bTcjj6K+jiHC4k5BJ95YszwDaDjte8zDVjLiekw9AhrL\nOfAFF+pdRuVBi6kMku9Qel/QqlvTJs0eQ1aCldaalDnX2ku7IMYxoNpJdgDUAInA\nIoK/o4H2VwKBgQCR+6j4F8FviQs5d0W39VJzqCVqNemN2fJPcDoshzHo9zc4udUw\n0GevktcQP2AgFdJTPfeEgN96yCraKbBNcvY/9W1zs95kn6x8HK8Zz3rGbmQJMDEh\nUBgdPHQt2WetbJr1Xy/eSfVso/9nEbSv4FQE880JTpbCahepaDINEC+tEQKBgQCR\nzod3C94W2SUG+fJMfDbHK1ZttWl7iRqvOWkMNfvF7kzXLV/MSAURCOtZJjZkD5Mm\nSZ+rx0mZAekiCEBJcsVQHSZ0D7C0iFwyFDWMU0ylOxB+1GMFWD5fTf3Eiyks5NbR\nfZ2zMXGwZg7a6J+csDeEvqmlMwEp6va+m7l19zMaYwKBgCc2g2x6wFm7dAqoRQp1\nGkC+/EM04C+2A5yhYkjsk+KR46iEs3PtUF4GILdJmWKIzGVquzX6FrTpqvB0Lj/i\nzWck1EgqfG4085iGoVx2VDJ66qDNXzyiI5QMm7bBtqxdJ5utDg2zjNdGOqMJIZ6O\nU6nI3KrTgQJ6icL09NmNK3Tr\n-----END PRIVATE KEY-----\n','2025-07-23 02:53:19','2025-07-23 02:53:19'),('61150216-c756-4fc4-9f6e-a5db58cc47f1','05f6188c-9213-4e88-a4d5-2696dfae09d1','-----BEGIN PUBLIC KEY-----\nMIIBIjANBgkqhkiG9w0BAQEFAAOCAQ8AMIIBCgKCAQEAq9dFF0AgdL7WtIb4g7YD\n0K8ETtOBuvSmfggUyylA274C34Y8nUfVC6/ZuR4+eHtgnMOHa8Sbr5jWw9Vj4vvW\nljpfJOmxEh6q1Utd8oNacFOTL7FHefmLkoI8Qh4PcLCz1ZmMplqj/GkVdWDMgK7h\nPRTCYf6j0H/o4RRpnRlA0hn1gug9L57N8jBG+PBVcNnwuxTEMuMqTsRxc3Vlr8a+\nFyyQBNGV8QjQPpr03zwZIkmAOJJQZ5ljqFKaxT9Oa00ReiGLwTe4X5A8++hcwr1S\nPMDM9U7spDiyn1yAcPH/nqMIbo3izRodJd6uF8RqM/3iKn88fh6z/Fp37tL6u/2+\ntwIDAQAB\n-----END PUBLIC KEY-----\n','-----BEGIN PRIVATE KEY-----\nMIIEvwIBADANBgkqhkiG9w0BAQEFAASCBKkwggSlAgEAAoIBAQCr10UXQCB0vta0\nhviDtgPQrwRO04G69KZ+CBTLKUDbvgLfhjydR9ULr9m5Hj54e2Ccw4drxJuvmNbD\n1WPi+9aWOl8k6bESHqrVS13yg1pwU5MvsUd5+YuSgjxCHg9wsLPVmYymWqP8aRV1\nYMyAruE9FMJh/qPQf+jhFGmdGUDSGfWC6D0vns3yMEb48FVw2fC7FMQy4ypOxHFz\ndWWvxr4XLJAE0ZXxCNA+mvTfPBkiSYA4klBnmWOoUprFP05rTRF6IYvBN7hfkDz7\n6FzCvVI8wMz1TuykOLKfXIBw8f+eowhujeLNGh0l3q4XxGoz/eIqfzx+HrP8Wnfu\n0vq7/b63AgMBAAECggEAG1Gu/0JHpqfMVIj8q1vdgWjBo5KGlmVcrr60J5RYZlbv\n9/9MVajc2u3LDF4dimP6+REwz1ZDdggzZJDhP23QMLP4+lJYv0u21xATUIHHeAIh\nbTye42pj4RfpYo2K4NyGypeNv8i7N16xdaa8/FxRHLfXK2MjQfuD13y6SaqBHqWU\n5ldAJvt2EcNj3qAHm7Mpgk1gFgqjMRH+FhRVrVUz9tmcwoCcx6m7Jkjnig4U3kTz\nD8AgpOF5fO3qyUDfOe4wCYQA4IMPFCgMibEiCwVJFzChjovkCTLURGG86dETc8/q\nKIMO+Bjou7gD27uIQqyuZc1TeXoJyjWn9YrbW9rs+QKBgQDltEFMiEB6NmgUvikC\nOu6pIWipY9ZrdDd8VXwh1rJG7tfetHPujfVgGvPRh88AHeyNXRiY/Lv+ZhdbnCJU\npAHw8ZTZ9GP8h9rQ6/npHNh1SkQtRF5oROhE7mwhxy8Lbh4bZCJHDPu+1r//NS8X\nSeWR1ulxCZk+tdnJbyo9bcMECwKBgQC/g0QhRegkSEoVujpunQXC9RPOp5Jg89RB\n2VaEG6T1DjK+7FSIAPQQ7Z78Jw5hXlg/YJG2T8K6PPag2UR5KCPjiDqrJ0XM0MbT\nVqD8y/hei35/U9S2qnqH5xeaAwbDBtaygNhFmjvhuKG6XZ9sKvZnm4KAB1FDieN5\nt2O5L1APhQKBgQDJCJpBrdmoXCd5R/hCEGvBsBCWd184iezprzNFtk4u0GgzbAEu\nniVLaCtNjSt4cbgO/JRDiKXLf3Qf5CUTqLpeMkBRBJfhctDqGiyNfYZgGJBUgcqS\nPQR/F5+hbF7bBRPqaxeo0U8edXpxlA1Tt4PowItsN7db7/HcXqM8Qez0gwKBgQCP\nl2pT0Eh4O8NgexsoqI8TWBIb1kTIcMlq/fwCXX/XRWgDAst2ldBpiOC1issbclOU\nYWGfYjpMzTzV6VGPzerqxM/IWE/be4Y4GzHlmUGGEe0sprxMoZHxp/FoRnChddUw\nTa7asQPJAFgyldPclHHfyReVyubBTvfB4SDiTnkmyQKBgQDiFmZZ5oNl8v+o2HZZ\nuZ1OS5hCgA/An1Ao5m/WITKphOaduQvBAXvrJxXg0qQf3CY4hNQiTU61+d6sGHzT\nVoBx54t9fIA3rgH2JjndTGsanGDTTjwgfLnDiRjs932qTEt1Q29Qa23ydklIKdk6\nBqpQuF5JBnYCXvnamkfvxKnvvg==\n-----END PRIVATE KEY-----\n','2025-07-15 03:43:58','2025-07-15 03:43:58'),('7a1a375a-b9bb-449e-9892-94ad1c5ec6a1','05f6188c-9213-4e88-a4d5-2696dfae09d1','-----BEGIN PUBLIC KEY-----\nMIIBIjANBgkqhkiG9w0BAQEFAAOCAQ8AMIIBCgKCAQEAtvBy8aVIOhgKmL0kllxC\npEVRlPrnNG46lciqgXYwdYdkh2B7qvDqGIEz1CNcebr9eT5//MAPys2fWvysDfPV\nE/2Is7PXdKxiIfSSbnYUq7IYi0ZPxPg3N9K8n/0hoKmK1IFDSH3S9uXkpdqPOkHH\nBCrGH8qFcdmnoloSCfJVo/VQeWw8Z1kXlA7ppkiCsacdNE0AQAJLetHBIgEy+2sz\nt1y0JCeJHpuSpBriD7ZK9bFQ5n5IIaDSqSRUbamGYO5gs2gLB/pwO/HY6jDCopEZ\nEdB7D87qkrbdczpK0+2rSc9Aq6nnrRd6xBSSD+VT9DDqflIGU+d9hhardigvrCiv\n/QIDAQAB\n-----END PUBLIC KEY-----\n','-----BEGIN PRIVATE KEY-----\nMIIEvQIBADANBgkqhkiG9w0BAQEFAASCBKcwggSjAgEAAoIBAQC28HLxpUg6GAqY\nvSSWXEKkRVGU+uc0bjqVyKqBdjB1h2SHYHuq8OoYgTPUI1x5uv15Pn/8wA/KzZ9a\n/KwN89UT/Yizs9d0rGIh9JJudhSrshiLRk/E+Dc30ryf/SGgqYrUgUNIfdL25eSl\n2o86QccEKsYfyoVx2aeiWhIJ8lWj9VB5bDxnWReUDummSIKxpx00TQBAAkt60cEi\nATL7azO3XLQkJ4kem5KkGuIPtkr1sVDmfkghoNKpJFRtqYZg7mCzaAsH+nA78djq\nMMKikRkR0HsPzuqStt1zOkrT7atJz0CrqeetF3rEFJIP5VP0MOp+UgZT532GFqt2\nKC+sKK/9AgMBAAECggEAJijg6SwPdWLHbxXhOGYVVpvJCTkPGl415UGe43NqZ1Gv\nNBf5o+4t/p+Q1prrss7BCdXyL6BGiwi6SWn0X9Kxa0KTDd0hP8qni6qvEtCZvjjf\nqsmnYRBfwEq6ourT5WYIOgyeotPwOiU5PSlqf/3xjBp6Cm6dyGJc994u7hk5KQJq\n/k5vzgHUmC24LbiIk3M39FVNJPE24ZS4EjUpBXOrKXVRjMbT34UKO1GPyeGlJZQy\nvhLPv6b+yppBjARxG/4ioor1FzCLKRWQnxQ1bTD36S2c8hlhvojgVL/WG210Us76\niR5ykfvQ6kZJqzDlkiA+PcrYJEIoq2XESaZlaugWlwKBgQD826+mqmFeRx7Hu9dB\n3B6SId4Eoqn77QgT6uhYNWu/nZo+m7mkCOq/IVwtiopIlYW0UXWZ+Zze0PqGJw2f\nSy5Tv8w5vYBusTisizIbjzckpfZxSF/oN2e3WOEYrQEio/07Rmg0ECKOe13NGUB2\nurY2VYaqmNMMBVNVOoDG7quCVwKBgQC5NlvLjx0IzbRhCNAPSyh4DegDKouKT9uH\nifneDGfhJHPpLSZDbA8LLYGIftDGAbn0bEGL6ANh5d7EHJF9B2ax5nYBnwPAUxn+\nnqFiq3MaPJOKRqewEJkEkiNvWFxTda2qpTLNGeIO144341rCOHZTAX7L5BXNaU8x\nIMv4pbczywKBgDtrwO5wsar/GZukZ+SBPunmbY83Tqz2OeS8WleITkbcWYgG/mwu\n8EN0Kn5FRVPjV2VVk0ZY42V1RLpL6Saa+0sREoQrJUhd+0yI9YCGelXxbmWWtXsT\nshrjFxq+ZTrnwLWySQCbHhPPp+5v1bdRD0rbdGcYvNfhVID9249kPQfHAoGAFmhu\nOLWK5LrGfQrs6TzFm6jLDj8CfOxmegKGeYf0tXeMkoSE4ZlcRJTv3AzDw4EH93t1\nfrDGX/zIs99k9sSDdziTxGRxtr4XIggdLGvj1CPKEeu0dAe+C6CGqvz8xpgxN7ke\n6VOdVwBbU4WtQFxGbIp8xbxFqwF3tFDsfJvIC3sCgYEAhN4dCgN+xr7uxncV26wy\nSqwDqZ9KOjdNGUOezOHIWb9sdN4ctKd1qDP5XwUeNOq2jYvcCf1fQ/zCRBegS2AN\n0jjnK4RRIRx5fUzBR4geUdOJSAaOM09KUjW2YtCstYZ7Eo2JuGJIYTM6cHymDhX7\nhfuR/Mn3wbpTAohYIVk8NCY=\n-----END PRIVATE KEY-----\n','2025-07-15 03:43:00','2025-07-15 03:43:00'),('7f0d394d-8e44-4a73-9eea-7615f2163987','05f6188c-9213-4e88-a4d5-2696dfae09d1','-----BEGIN PUBLIC KEY-----\nMIIBIjANBgkqhkiG9w0BAQEFAAOCAQ8AMIIBCgKCAQEApKBv0OjoFGFRGpCY4Ami\nMNTaNEUjqhBlntBEhR67wQQjPataVerRK0e7kY5jOIXECnNe/zV/has88g59u5KK\ncV7NV6dTmTTTZ2hH1f4B1O+RaXNwDhoj+EtQbZegHWdySRKGfSb7/7wyRFGU/uIa\naQ+qGLI60n4ItZ/6QV71Rfj01DA54wS+KHLsSAxXFPABSfPO9Q0l8CSLWXh5aLD7\nAfaODYSa9toDNXrVW2qNkVHDaQigDpyP7rl1AyJpAJDFkrSZo7XzMpDEraKQ5Mll\nP+4tWtoVlUDjX1vfh99c6CiBQV9SJrOFGVxwoRaczAAiDM8sShrS952lDmGmHHju\niQIDAQAB\n-----END PUBLIC KEY-----\n','-----BEGIN PRIVATE KEY-----\nMIIEvwIBADANBgkqhkiG9w0BAQEFAASCBKkwggSlAgEAAoIBAQCkoG/Q6OgUYVEa\nkJjgCaIw1No0RSOqEGWe0ESFHrvBBCM9q1pV6tErR7uRjmM4hcQKc17/NX+Fqzzy\nDn27kopxXs1Xp1OZNNNnaEfV/gHU75Fpc3AOGiP4S1Btl6AdZ3JJEoZ9Jvv/vDJE\nUZT+4hppD6oYsjrSfgi1n/pBXvVF+PTUMDnjBL4ocuxIDFcU8AFJ8871DSXwJItZ\neHlosPsB9o4NhJr22gM1etVbao2RUcNpCKAOnI/uuXUDImkAkMWStJmjtfMykMSt\nopDkyWU/7i1a2hWVQONfW9+H31zoKIFBX1Ims4UZXHChFpzMACIMzyxKGtL3naUO\nYaYceO6JAgMBAAECggEAK+kROhdNg9YbRGsqI6PeK4kytHt2kk9yU4R4qksyyD56\nyeGxJDaQWSt2d9ITXAmt6x2vyoGyBGzSwjukRMpG/AtN2SHr9fL1qmDRvF3Wjj3i\nOs7MJi7JxloMV1b4oa8seBolXi9uSt2fSMK766pSYhCIDbNIZkmwuAU2QoZ6BJH/\n7neqnejaW21D5KCcUn7YwmcjmfatRB+3R7AbPHTqwFp8UJ7vee5D9+0VHKeE8aE/\nvxCBhTr+jxKcYngDHRW5Vaf52fN26MC2Mu2BzlWcRM4t0HiejvRGpwLBFQ/H3fGJ\nKIh9tQRPuGrhI80hRdZa+BAx8lMCwxJrWI6MtO7JawKBgQDRWKDWXliypW6M6pn0\nUDzWQOh0IQxOXAjdcBaU9iiYXfEHHP9LRGLuQ32MfjKTHeKGWXe6XsXWYCruIaEi\n/1+mKFETVAHd7sfNTuk2Tmwhv+htxt8GGlW3tWCMApG8w75ns0mcJ0lWvnfB8b+1\nB2lcZ12kV2pYyoCkGa22rijPLwKBgQDJUIZQo866PGILO1EdBUCIEDbqfFW8M+2W\nAVm0/V0zqcunxZXo7bcAPA4gLVqEUNNpUCVySBvaD2omS/IPU5f/NpXSigAIlEHF\nz0Y6GZkwZaXUc7+Ozx8x6cTYjN6LjFnE75La9hfQkrm4gk1vs8g1bpERlJT5Du9R\n+MSzJx3vxwKBgQCFLxt0BiXr0a+ZWw+DDSEHNdgtOXE40Pia2Fqlfk2pUeqrmdkZ\nK3K9HpbbMNZAHj0lN/ohyXWXwyrMwPxg5ZMWhIPABiwB442dolxgPlgwyIS4glMU\n8OAjtfKsYF4Td3zFQJzOCXhxBU/vRTuvkf2H2gMLMMnpnztkKyoHFJnF5QKBgQCL\nNBA8UJjRNJHDHHghLhGKRFQE3obWRb4CnNpwCUZaRA3b7AeV8lI5ak2GOHY/yjf1\nuYK7PFtt9Hy9EITHzlDrG86Lr/sH86RraMExyaOg0JjTiFosINJ8TB5ec0Irkpg8\nUkDlAYhEJEEh8ZAkLlfBgrvzQR+l/IrFztQM4X6U3wKBgQC7JvKwWvFadl7Rxe+0\n1eO2Lv2t9bHckKXI6OnWemtW8Ah4wqyhEM1mlNdxpKFwtUIGDPs1EuPPSiff9xSc\nsc8WcTMVSHPFDSJ/LSHU9o/ifecZtL0G6HQ7WYwV7pvyt0XyWDaXnVzfBZthbnvR\nOhZNU12OaCAKMlxBqwPkkMObRw==\n-----END PRIVATE KEY-----\n','2025-07-16 10:58:07','2025-07-16 10:58:07'),('82a1a6ef-396a-4edb-aa4c-7821f9f19280','05f6188c-9213-4e88-a4d5-2696dfae09d1','-----BEGIN PUBLIC KEY-----\nMIIBIjANBgkqhkiG9w0BAQEFAAOCAQ8AMIIBCgKCAQEAryD7FbwGucJOSl5MX09R\n7V+CrVlgTSVqL2A4C9TMMvXJ897CgClXa4jhY5JOjSI63yvHRXniOKYkS858nInK\nDmR6a4yq5p/UL8HbWnBHzNlMvPXMkXFG+9wyhAKv4Nkxc1Lmcyyfi5cCQFEyCySY\niT7fGwsUioiPQEQc/aSGsF5BGDKiZLjpoMXT9fcuPWTJiwzRPGJ1ceSymiQMXSDI\nZwc5Y7FZwju9p10VfBEqF8cIvM3KHDRvFp0/qXNy0bic+EdkPYNu5Ba7aB1fa4mk\nltwYa5aFnozW7LTTBE23nx8F97n37kjJorCUR/P+Jx08SeQSI6qp0A1r5LrjnjAc\niwIDAQAB\n-----END PUBLIC KEY-----\n','-----BEGIN PRIVATE KEY-----\nMIIEvQIBADANBgkqhkiG9w0BAQEFAASCBKcwggSjAgEAAoIBAQCvIPsVvAa5wk5K\nXkxfT1HtX4KtWWBNJWovYDgL1Mwy9cnz3sKAKVdriOFjkk6NIjrfK8dFeeI4piRL\nznycicoOZHprjKrmn9QvwdtacEfM2Uy89cyRcUb73DKEAq/g2TFzUuZzLJ+LlwJA\nUTILJJiJPt8bCxSKiI9ARBz9pIawXkEYMqJkuOmgxdP19y49ZMmLDNE8YnVx5LKa\nJAxdIMhnBzljsVnCO72nXRV8ESoXxwi8zcocNG8WnT+pc3LRuJz4R2Q9g27kFrto\nHV9riaSW3BhrloWejNbstNMETbefHwX3uffuSMmisJRH8/4nHTxJ5BIjqqnQDWvk\nuuOeMByLAgMBAAECggEACSeuOIqlx1wy/4xCbdEVtVUC3dEIScAk9ukOxP+Q1TEo\nJ4mDnXOL0GFNdwkU9ifN8BC30Bf5DYER8KyQsxY469uw0qJ95KSCUSTPNMEd38WU\nT2SCFzBWx5/RPDlvvE9eWGsDBQ5WINP6GCameRKmrrYMr7s6jatp4bAt28yYBewx\nU3ea7NJfdjDzTfrSVd6TYgTz5JTPx1eSc1yyhmBGB+2eDSujHLP5+CRwO53eQuOX\n9/6cy+AsT2Iwd0yHckMIPd1hQggnINEHKvD5VMNAt9Tp31tXkQIbCeL90RS35/38\n49U5SFM+stqht+MROCbEO21WXex880CPyC6EvC/y8QKBgQDVeDqbiuUMhe/b4h/u\n+b4LbZsTqco+3FhDT7+XYn5c8/gnHzUfWWDEQPm3dcVYXs2GCFbn0xLzU+OHdK/J\nZjelnoxTSARkZ3OMH5Qhu/SHT4hT0ZH4MmwaJs12kCTCnrlNSrdLjpGXxnoT73jX\nO7Yj3ZSEUpGZRXPpCbMlqr9i5QKBgQDSBTkn2K86d0/OA4q1IAPnKwTNJlfsvySV\n7VoBFCFEul7gcX3Z16mbY9EufzChGKFsUaM1ygedkYVGhDHlllvdunM/oUDI9RQq\npx/ckOcMm/DbclLxOcoOOKzzPR/EYPJu3PlTCgtBi2m35ouCI76kSh6zYf7+7R7j\nfcD8XctarwKBgQCWLaE9sDd32fpm/OxuWXCj5ZZF/Rt1odrOcBpfzEEN7+1SyJe8\n2EpFh1inAsm1Y+y/MLrDGTGp0giuUR8iVzEq6SHbrTy5zjXyDH1QRkS/tOo53aQN\nsptuwoGlub7C1JuUjs3o8AHpfw5/W+fts+ptzQMhHF2mMMBc4CASjc9bKQKBgFQD\n5OZsx0RjQFiQkCd+5DDQw73xrdC2ckNLzOqLi/d7esLcg9TmciIIX0DzfpejS8gS\nLHEzHbLJ6P/ZmEBY0u0zTjFRJ6J8cBHUA2nvyY4Av+x5onZ/gLYJtB4mAJRFmBYD\nbfXrGa+hvqvjnUF1XSlJwVhPRnvija3Bu7b5KoVfAoGAPQOy0dxOwaNcLiz+H8LB\nd0uqrEioFrvoTN3dwkkSrw9R8IGTwsp0AIwWmTmUj+VUpzYbok50Ch+6Cf711QM0\nIx2I0a54N1irX6Ds+XnBQH7O3J/tl5jrn3cuKRSfcCdDospH8PnmUKQO18oEwDKf\nDRrWEvMAny1+P1uim8c8wJo=\n-----END PRIVATE KEY-----\n','2025-07-24 03:27:55','2025-07-24 03:27:55'),('961a5dbf-5078-4fed-b046-22c50e77b358','05f6188c-9213-4e88-a4d5-2696dfae09d1','-----BEGIN PUBLIC KEY-----\nMIIBIjANBgkqhkiG9w0BAQEFAAOCAQ8AMIIBCgKCAQEAqE181SJ9+PFyc8W7XFXY\nJ6x/t6nAIlSBfumIrc5OHGDgHXD0eJx4xDHDXT6aCbtHQnzT9tFJhlqzG7yZdhOX\nRjcXC1wPY3ySNjFI1kaJNKqPfkkQY6d/E1f/XvzrHNTF/lTiUFXLNIG8LgSjhKNa\nrF2GPjzI//aztlNp+/hqnyxq8bqAELcyZSv64178UWHICRsNIsTmsYRruGMiKaIK\nlp/i0BsTek0kp//B8IEKp9AAlQPxyOO3vmMmo5Z7xnyHehd+nYVeXRpOUEefjqZL\n30SMtNuG5EaiP/nO3qf0FxN6/xHwJVt9QEOHjxavHxj6U2g3XcEB/No6d3MeNCMA\n8QIDAQAB\n-----END PUBLIC KEY-----\n','-----BEGIN PRIVATE KEY-----\nMIIEvQIBADANBgkqhkiG9w0BAQEFAASCBKcwggSjAgEAAoIBAQCoTXzVIn348XJz\nxbtcVdgnrH+3qcAiVIF+6Yitzk4cYOAdcPR4nHjEMcNdPpoJu0dCfNP20UmGWrMb\nvJl2E5dGNxcLXA9jfJI2MUjWRok0qo9+SRBjp38TV/9e/Osc1MX+VOJQVcs0gbwu\nBKOEo1qsXYY+PMj/9rO2U2n7+GqfLGrxuoAQtzJlK/rjXvxRYcgJGw0ixOaxhGu4\nYyIpogqWn+LQGxN6TSSn/8HwgQqn0ACVA/HI47e+YyajlnvGfId6F36dhV5dGk5Q\nR5+OpkvfRIy024bkRqI/+c7ep/QXE3r/EfAlW31AQ4ePFq8fGPpTaDddwQH82jp3\ncx40IwDxAgMBAAECggEAAdZR54dOqSBrNGvsvw981ZBvfUZc5fY8/gqq+eK61ydD\nkW600uA6Y6hINRHEeRi429C+OGW4D/LLg7qYt9sM5EpTqRJIyx6f/5Fxwk0Kafwp\n2gh08lfwuvntIrdPrB5MFWbam/ywkPkqYBvS2rubXZUdX9TzO/NDqowMjlPIevmE\na1oRLiNB7umLNdvoDsRgbtNBEf2oaStHjkJZ8PPHhOsUOrdN23LUBvxeVQLr7lhA\nC+CwG0wB4DagDIhQMkH/pEfy0quDoIFB8Oy8bcsxLNDDANzLRxAqGkisPdVWOga7\nSxQF7y3kHTTPdcI+NuxVJurqSGvMe4PzT3f/+OZvMQKBgQDUD8PTv1M2wNcWd3NM\n0x3WrtJi9uWodIto4uzS1mPPyYc8PBFbIFDrO0TYbluCku3eQ6zIltP1eAFPvXre\n4NmhCvX4asq3U8Ll6VBOgRpW4l4rRVNBMzPjfqH/GmeMcZjQSinQpcJLBNe9Wc0S\nhYbtSRttcrcpDs9/M1m3IGgZtQKBgQDLLKZl0kWKgM5fFrZlm71ASrjr2uHj+xj1\nHVmcXgG6lljdwl3Sj/0gqDR270TmK5PFFwkoMvN/x9As8G1ekkLR3ZB9USsNOrF+\n89tHRe9gaMarSRndHB/auJ7VhpFBcS15LYeAVFywA7JCz9acZbPN5iJG5jbTqhyd\nRaJeqvOfzQKBgQCDyFRCx5gX45kGri6p5FybqEK4G4S2vc5Q3QydLXwTicKPzShf\n/+IpfMiY02Ps7hACWv4KHakU14HBIxgzX3n/GUeoG/1kFhp9NBOi5ZoPulcY/tjx\nILezPWPAm5ET9xgnAJ+huRDX++dyFVdalj42QYNY7bwjOL/75VZwdiQbLQKBgCY1\nlnGNsuBSSv1dAx5mxJejtdU9S8AZR99JDsI2d7LEdZ/23rgrthn/KCa55sY2qcqm\nA2XY9ywvwrnA2YCwlvpq5bJ7olIRmLHcYH+t6k/CRKKP09peYKs8jzpu3UBmbXvd\nkR8UPn4no82m0qCFC+SMBCQ7RVJXKpx1LQ0Kr1h9AoGAIhAszotyZsLJzbaO5zX8\nmZ3jAtvh/B3aYNx3GEv4h9WgtqLcnfoxngACUJp108hNCwzGntWs9d+tG6eI4FXI\nvDZyWEiY2qLlwXAGZAmZOe3AXZVEvFLsSBv57ZIM5/vRc0rc2PuljjuGbS5KSIsz\ngplMuSoe8zCNuphPqoeenHU=\n-----END PRIVATE KEY-----\n','2025-07-16 05:33:57','2025-07-16 05:33:57'),('ac50e84f-f872-402b-8621-5ff5b445a03d','05f6188c-9213-4e88-a4d5-2696dfae09d1','-----BEGIN PUBLIC KEY-----\nMIIBIjANBgkqhkiG9w0BAQEFAAOCAQ8AMIIBCgKCAQEAksLY0ai5k7ewN1zJr8Ep\nSGvfoSfeV3LeBUnB8lMI6fvWgNHOU2NeZcFPYR6JlXqvdRI2REWTpnDdCnl134hK\n5RHvjKTzr4l2Pr3MELfhzI5O6tSX2HiBfwgoE0CkR/aYWJ6A1knF8rte6DaBD0QP\nH2lnZrwE1rKom7rO2xHNeR7kY/WdWM1wMjKkZRO8DjgEw6grk07+Cs6k01u1F9TV\nJjs0aDJhIgsa2MVGWxf8aTGwN64CGtiH8coY/CW0yiZ/S+jceN8sHACNpNLExcdO\nSKiGk2b0wJZogGwOovug/33sTZn+VutPj5nxSO6+EkhFZnODlSUnhMJ4lNl+dE5g\nfwIDAQAB\n-----END PUBLIC KEY-----\n','-----BEGIN PRIVATE KEY-----\nMIIEvgIBADANBgkqhkiG9w0BAQEFAASCBKgwggSkAgEAAoIBAQCSwtjRqLmTt7A3\nXMmvwSlIa9+hJ95Xct4FScHyUwjp+9aA0c5TY15lwU9hHomVeq91EjZERZOmcN0K\neXXfiErlEe+MpPOviXY+vcwQt+HMjk7q1JfYeIF/CCgTQKRH9phYnoDWScXyu17o\nNoEPRA8faWdmvATWsqibus7bEc15HuRj9Z1YzXAyMqRlE7wOOATDqCuTTv4KzqTT\nW7UX1NUmOzRoMmEiCxrYxUZbF/xpMbA3rgIa2Ifxyhj8JbTKJn9L6Nx43ywcAI2k\n0sTFx05IqIaTZvTAlmiAbA6i+6D/fexNmf5W60+PmfFI7r4SSEVmc4OVJSeEwniU\n2X50TmB/AgMBAAECggEAFWjQSXGUNOzoi4MBNx72H0cBVhijUl2C7wGOBgQ/+iZP\nafZxY2/NDwoOwuu6BXDi1LDF8tq1iePQEx2Z6PSQfG9L41gS5oomkkuMz+mLSpR+\nBbriteUKexYdBoX5EThzjAX/ZINZmank0/pThH8Yt6vgNjf6ermQaDttvr6Pm3oC\nFxS7OvMehtoMAIvsgrt37zDxi5jYizHOGTO1KFTj5v/a+JJCRE8QdQJtpQDrgWgE\nSXIsnwypU7F2q2ZjxgyV0DUz7cjTYI2EH6pfrG/JYRO1WcFuvkmZAovA8FC9HfGB\nYyTtd8FABdPaWKemfmcK73Vpoi34IPsZ9YN6snUo9QKBgQDLqiZsXM9Z0ZXvQCIv\nOKdLmlWhHGNZVaSqGwKvzmbNHdPVp+732AoOghRlTQy9zedYXTvLzPORzNP9ma80\nGJbTPlaDj4FUhNxplSQ82jSb7KV5DTKfmdtuIhmw0Y17VtDcyqBpspS0SXbtAdKk\nZrLOOLZIkBMmf5jZs1h7r0EoIwKBgQC4eVy9ISZA2KMqK4Ttp7XmAiNF/rxMVGIV\nGFkQiDTzRTUEXiWWElASq1zE2OdPTn5rQQ5YmXN4nlHSQr6AQN/pnlcZkkEzMn1o\n/k28qYrbJOqN0CQeiLYLCH6yKc1vLuexae4d/Sa43DzaCX8QQbvodUOiaoZodd+f\n2usim+0d9QKBgGWOqypN/Xekc0eii2lQrtucUibMqR3a/wlz/pr8KXcO8JsR6q/c\nIuepJdJ94WSkUEBX/YFa6fpCUVOcVyl7OXqNE0b3QF6NAfwEStWtWZ6HGtyKIDxF\n1I3Oo1DwrcRbPjtbLzKFwnFEUPFOf2NLcs4yqXL1pRcFeYrVS8IhWjRRAoGBAJVX\nqvxyGcXlnDJHiRXc8CWFFYlU8JvatIzfaTs5CaToIkOm9EbKDIkQscmqz5gks7Og\ntzyC/jhn81WFMzQhUSSQS3MoNCB+f4jAV66kkwVWnYyxNIyDoNzNw8P4k5evIWM/\nnsYoa3C824aoqXU/wiAuztJt6uImiyOe1zztfskBAoGBAID8pTSyVBc45qqwld6E\nxGOzJEcgEixsuipO+40YF8OzGlaUW+yJgodZ/Uia+7T6KOxJkFfBvaC3WiNTJQVj\nKhq/QFsyeIaOeveHVT4xk71df/2uWIQSH72h1RPsVsPNeurJjB7CWKDoK4DnbNz/\nLRL9WuJgj79C8InHJukKPkrd\n-----END PRIVATE KEY-----\n','2025-07-14 09:49:37','2025-07-14 09:49:37'),('d31b8404-2022-4027-b29b-71a1c7e0da87','42d500da-e664-446d-bdf6-f19cdf68f228','-----BEGIN PUBLIC KEY-----\nMIIBIjANBgkqhkiG9w0BAQEFAAOCAQ8AMIIBCgKCAQEApdaXNGXdfDSEofIrbmZh\nV55xo0tORj5ESL3Q/iW0bQZTOrlT99Q2jISnhZDdihIrjd7PjN1B6OpY97v8umiS\n8jobs42FRfrN3dei8javs4yeCbrZAm7HGVWpE7YY4XVSQMeFzUPOV7HmHBkhyVCT\nzRbqlra9F15i0Mh0m46mnlCwHC9AWbY59e9iAsOOv2hwVSFpxo6nehK8EYPjbaPS\nLb657ROIG/ZiPRez631/6ZlEGvrBM2hmfB0h+dSendIGAFbcYhYURLvDjJCIUZ0W\nE4/I8ibH1VqzyCX+F4/g2w00zMSJMo2xF0OLrrHm4wSGI7+9Ol1klQ/iN1LVQ8U0\nlQIDAQAB\n-----END PUBLIC KEY-----\n','-----BEGIN PRIVATE KEY-----\nMIIEvgIBADANBgkqhkiG9w0BAQEFAASCBKgwggSkAgEAAoIBAQCl1pc0Zd18NISh\n8ituZmFXnnGjS05GPkRIvdD+JbRtBlM6uVP31DaMhKeFkN2KEiuN3s+M3UHo6lj3\nu/y6aJLyOhuzjYVF+s3d16LyNq+zjJ4JutkCbscZVakTthjhdVJAx4XNQ85XseYc\nGSHJUJPNFuqWtr0XXmLQyHSbjqaeULAcL0BZtjn172ICw46/aHBVIWnGjqd6ErwR\ng+Nto9ItvrntE4gb9mI9F7PrfX/pmUQa+sEzaGZ8HSH51J6d0gYAVtxiFhREu8OM\nkIhRnRYTj8jyJsfVWrPIJf4Xj+DbDTTMxIkyjbEXQ4uusebjBIYjv706XWSVD+I3\nUtVDxTSVAgMBAAECggEAArQCAHJlnxPrEom0QAcusIMuZoNAeiAjNE1VxgK+02Ue\nP6+MKRa+MeGqqmBvYAQGTjhyySDFJYMGYrlfd/li5cxhLbbRlI+vQd21M/4EtKhG\n3jE7vtCn8aeGC0J1Wt1y8wfdjDg9+Yt2jQAy3wlvc1Ebj0vYvrQE59LQpcV4PU3c\nK/XCb0xi9GfQM1gZKA28M0QyVT4prnLBtgkn/RmLJAlVXQvpC5hnNwmIQ0suery1\nkVJ6lrqJAJ/Al6Fks8ZK+WHZHXWMgsmD7D1CCQe26XWoUVZGoMR0CRzL6xhNGWdF\n15Cqcp9KbncYGweqDwTGpmsLK/neeymtmb1Z3BZLIQKBgQDWvgnNtVc6LVM8Klm6\nPrChDZ8loVq9gyiOBVeF3lIgSUgvRY4J+aUqOavVxlDFpTI7uGDDik4866lvBKFH\nATBP/QQ2TQ1cBeD0ip4zrjyq0giAyM0+P0JbAp6ZuY5v5Md/k1FyJrPF0eqqJIyX\ntZRsw50NYVJ0QCnS4CQ9TNaQdQKBgQDFszyJ7wDRdlkFoqlV7yj7Eu6AbizsJ5PP\nUWcDNmdD4GUw/wu7PfLYK4ClF3fpE8T1ziF4m7Za5JDiQXiFC0nhtMMaPGqPyPGG\nRkMGYpziE+tjAMR8se8s102CtU2pWWVXj/WSwOe+4BdhmYnCSGCpWu/NBRFMtPU2\n13aVOTePoQKBgQCsCMzjzs5VnjAbeDYv/b8VF0uTIwQF5QhdVqw6Y9RZZzv8GvXi\nyevmuxMNjPXykRiAPYLPxIJPTeCMPyJRNwOUYTe5pNr6CP+iCVcaQhD6LI+BVN0Q\nbC9lp+CVeNFClP66FrReBeFprnUX33X+qAqDY+by7C/ZT/nxpX2C2obebQKBgHYQ\nfhzZkKGGjc9hvsLFGrImMiycn1NAp3Lt6BjxCmZswcGq7nSZoEccY600ALY+yicJ\nPM/sHdDWIvgbpT++6BZUfxdR8UmA9Uv89dYAWjRhNPdg4/abxHwA8BcY8xIpgu3x\n2PQVI9DHvu7YZH6T/rXkysSjPBuVDcP8lKK1EstBAoGBAISAhKNcKhVtCqIendq/\nN+Ws5f6MfYedG3zY84ltyRdhXdUV8dYYnd/1JFtcWJtmL/82wqCizxmWogz6U71r\nX/kzzqsSWGCE6HHDtYedL2aVXmVbA6B+XGUc78pqmXfMSJI5gahNxMzxTIuC5V2R\nyCvf6YNvKhhHWcuJMkBosmLx\n-----END PRIVATE KEY-----\n','2025-07-23 03:06:23','2025-07-23 03:06:23'),('dd9f23ca-ff07-45a4-9daa-ea1825e67949','05f6188c-9213-4e88-a4d5-2696dfae09d1','-----BEGIN PUBLIC KEY-----\nMIIBIjANBgkqhkiG9w0BAQEFAAOCAQ8AMIIBCgKCAQEArv9DilFQBAsdf3Fb1KCw\nOZVkKHAeEAwz1DxdGtvOwBqZpiYAK9lkUeKmJmHjBRKO0glTyCNEw0P1QAvXvywT\n8nlkssxnNCuXkxkGBWEsokUQAIyB2p3+oV3b0cnSHADkoi3qGIsKuRQIPOrM+n53\n4VQbjmGI9dVNPtaCaN6G7B0TQWvBdC6DpnVyMfwuQ/abQLAoSsnN6BGVALY/vJi+\naRCVdmUApkd3AzscqC1+6E3ODRchYTNfzPg9OMIh8XCDLrW8nMe8Vcg0fCBOo4IE\n0qRzHE2HdJQYy4kt678QWeokgHqiVPxeheqQUJUoCXImJ4IogU62/MoH5UvmnfhW\n3wIDAQAB\n-----END PUBLIC KEY-----\n','-----BEGIN PRIVATE KEY-----\nMIIEvAIBADANBgkqhkiG9w0BAQEFAASCBKYwggSiAgEAAoIBAQCu/0OKUVAECx1/\ncVvUoLA5lWQocB4QDDPUPF0a287AGpmmJgAr2WRR4qYmYeMFEo7SCVPII0TDQ/VA\nC9e/LBPyeWSyzGc0K5eTGQYFYSyiRRAAjIHanf6hXdvRydIcAOSiLeoYiwq5FAg8\n6sz6fnfhVBuOYYj11U0+1oJo3obsHRNBa8F0LoOmdXIx/C5D9ptAsChKyc3oEZUA\ntj+8mL5pEJV2ZQCmR3cDOxyoLX7oTc4NFyFhM1/M+D04wiHxcIMutbycx7xVyDR8\nIE6jggTSpHMcTYd0lBjLiS3rvxBZ6iSAeqJU/F6F6pBQlSgJciYngiiBTrb8ygfl\nS+ad+FbfAgMBAAECggEACu4WodpXomkEpqPF6znox9qfhDG8hElpffq8i04/U5sA\nYx2XKntMMMZ0lOEi9NDRQCfPpn3NcFobmgHOBTq+OYmA00oWXW57lnccUSmzR/oC\n+IXOISwibfcWy7uh9ph3r0l+3ZmRnzhea1pJreZIRo1M9fpRkPPe/JXD/24mrzM8\nkJro+a8zwtjH9YFqaD36JHPhWtDuWvPL511m12NjpNNBbZ2H0qAMfU+R1wOTSoXh\nFfLqeUDgZWsC8YTtKh8v8TYGYpHbR0Ii7BopT+87GBjNiFya0/9DvjHrByby5HD9\nK5i5mYn6d02V4bLOAhPNGiyVV+5g1Oqky0yLwkXbQQKBgQDdyBXTwGrKDuCcbBnv\na270lHTnSaoGWBtFbE9suMd8vkkh6h6ByAhSsXFEk0faAxTUI7Isdo3GUBJxyXVd\nd1ptgdrMknNTy8FbyKmXG3m9q313QLfGtvkgi28C5+ycnC8xetCkIggAJ0v8r/9r\n/2YizDLuyhoPR0xowRFu8pzT0wKBgQDJ/0n9F3wr3y1s+n+v0NWNgSkLt8RQPfDg\n+g2LgJeyOhudhVX/xpKVuZozEA4xcGgdXLgmsDuYF/PH+5Dk5AzIbvEk3vP65eox\nCQj5RsoMUsU8KQB00fziD7eHAgfb7i+XV66r1lZZSUTcYtXLaSmVaWFEcMKzLVn9\n1O0khbtlRQKBgCdj+jx52H261rnxmUmk0zgthfXuZ3xo+a8C5bhxuTy2r1aOtoxm\nctP9IBkF76URFwn2rRaol9W5Mw1ysp2/LRh2D951xHYFonoi0bw87Qp7AvXDUODC\nbs0Q9s6VUrkeJGOtZJFCWhls4VooCD2uRv23NvSigK5mA3Q3llkWTjRxAoGAK3+3\nTjJdghEYdixnjNP6+PMEhMp5ExKTqc8PVahGgpHy2nQZNfBsJqQGadKeS9U6BoCu\nA17WJoWZ8MnixPe7LPp/IYKFpdUXHqIkdZHh9s9oO/FUcNO7km7yBbfRO3JKe1vd\neJG6nJWjp5X9FkW6N7uuv49MzksI4xmUS9YkqcUCgYAYLqLtV+QtaCg+C6NGh9SH\nYQisQPlPzKHwR2onbHhgp0sTuhfUjjm7NRTpTgrLGIf3iPhNbFarfBxq/n4qKexT\nEYRTil0ea0pACZTNcZDqLBBZBi4Ihx6JkiS7KL+SZD+ivgLhfgn/ouvK7SVoDC1l\nXfs+gc1BqXia5N5Ux3EyQA==\n-----END PRIVATE KEY-----\n','2025-07-14 09:50:18','2025-07-14 09:50:18');
/*!40000 ALTER TABLE `apiKeys` ENABLE KEYS */;
UNLOCK TABLES;

--
-- Table structure for table `carts`
--

DROP TABLE IF EXISTS `carts`;
/*!40101 SET @saved_cs_client     = @@character_set_client */;
/*!50503 SET character_set_client = utf8mb4 */;
CREATE TABLE `carts` (
  `id` char(36) CHARACTER SET utf8mb4 COLLATE utf8mb4_bin NOT NULL,
  `userId` char(36) CHARACTER SET utf8mb4 COLLATE utf8mb4_bin NOT NULL,
  `productId` char(36) CHARACTER SET utf8mb4 COLLATE utf8mb4_bin NOT NULL,
  `quantity` int NOT NULL,
  `totalPrice` int NOT NULL,
  `fullName` varchar(255) DEFAULT NULL,
  `phoneNumber` varchar(255) DEFAULT NULL,
  `address` varchar(255) DEFAULT NULL,
  `nameCoupon` varchar(255) DEFAULT NULL,
  `createdAt` datetime NOT NULL,
  `updatedAt` datetime NOT NULL,
  PRIMARY KEY (`id`)
) ENGINE=InnoDB DEFAULT CHARSET=utf8mb4 COLLATE=utf8mb4_0900_ai_ci;
/*!40101 SET character_set_client = @saved_cs_client */;

--
-- Dumping data for table `carts`
--

LOCK TABLES `carts` WRITE;
/*!40000 ALTER TABLE `carts` DISABLE KEYS */;
/*!40000 ALTER TABLE `carts` ENABLE KEYS */;
UNLOCK TABLES;

--
-- Table structure for table `categories`
--

DROP TABLE IF EXISTS `categories`;
/*!40101 SET @saved_cs_client     = @@character_set_client */;
/*!50503 SET character_set_client = utf8mb4 */;
CREATE TABLE `categories` (
  `id` char(36) CHARACTER SET utf8mb4 COLLATE utf8mb4_bin NOT NULL,
  `categoryName` varchar(255) NOT NULL,
  `categoryStatus` enum('active','inactive') DEFAULT 'inactive',
  `createdAt` datetime NOT NULL,
  `updatedAt` datetime NOT NULL,
  PRIMARY KEY (`id`)
) ENGINE=InnoDB DEFAULT CHARSET=utf8mb4 COLLATE=utf8mb4_0900_ai_ci;
/*!40101 SET character_set_client = @saved_cs_client */;

--
-- Dumping data for table `categories`
--

LOCK TABLES `categories` WRITE;
/*!40000 ALTER TABLE `categories` DISABLE KEYS */;
INSERT INTO `categories` VALUES ('0812e6c9-f5b7-497e-9ac4-b9f0b845d368','Tráng miệng','inactive','2025-07-16 11:26:49','2025-07-16 11:27:15'),('584b127e-62db-420d-9101-42e0f14c5711','Đồ Ăn','inactive','2025-07-16 10:52:38','2025-07-16 10:52:38'),('a4cf83b4-dac1-4860-9c22-c2ae13071ed5','Tráng miệng 2','inactive','2025-07-22 15:01:29','2025-07-22 15:01:29');
/*!40000 ALTER TABLE `categories` ENABLE KEYS */;
UNLOCK TABLES;

--
-- Table structure for table `coupons`
--

DROP TABLE IF EXISTS `coupons`;
/*!40101 SET @saved_cs_client     = @@character_set_client */;
/*!50503 SET character_set_client = utf8mb4 */;
CREATE TABLE `coupons` (
  `id` char(36) CHARACTER SET utf8mb4 COLLATE utf8mb4_bin NOT NULL,
  `nameCoupon` varchar(255) NOT NULL,
  `discount` int NOT NULL,
  `quantity` int NOT NULL,
  `startDate` datetime NOT NULL,
  `endDate` datetime NOT NULL,
  `minPrice` int NOT NULL,
  `createdAt` datetime NOT NULL,
  `updatedAt` datetime NOT NULL,
  PRIMARY KEY (`id`)
) ENGINE=InnoDB DEFAULT CHARSET=utf8mb4 COLLATE=utf8mb4_0900_ai_ci;
/*!40101 SET character_set_client = @saved_cs_client */;

--
-- Dumping data for table `coupons`
--

LOCK TABLES `coupons` WRITE;
/*!40000 ALTER TABLE `coupons` DISABLE KEYS */;
INSERT INTO `coupons` VALUES ('ae936492-8508-4396-a02e-4411f2140ec5','TEST',20,100,'2025-07-23 00:00:00','2025-07-26 23:59:59',20000,'2025-07-23 03:09:13','2025-07-23 03:09:13');
/*!40000 ALTER TABLE `coupons` ENABLE KEYS */;
UNLOCK TABLES;

--
-- Table structure for table `favouriteProducts`
--

DROP TABLE IF EXISTS `favouriteProducts`;
/*!40101 SET @saved_cs_client     = @@character_set_client */;
/*!50503 SET character_set_client = utf8mb4 */;
CREATE TABLE `favouriteProducts` (
  `id` char(36) CHARACTER SET utf8mb4 COLLATE utf8mb4_bin NOT NULL,
  `userId` char(36) CHARACTER SET utf8mb4 COLLATE utf8mb4_bin NOT NULL,
  `productId` char(36) CHARACTER SET utf8mb4 COLLATE utf8mb4_bin NOT NULL,
  `createdAt` datetime NOT NULL,
  `updatedAt` datetime NOT NULL,
  PRIMARY KEY (`id`)
) ENGINE=InnoDB DEFAULT CHARSET=utf8mb4 COLLATE=utf8mb4_0900_ai_ci;
/*!40101 SET character_set_client = @saved_cs_client */;

--
-- Dumping data for table `favouriteProducts`
--

LOCK TABLES `favouriteProducts` WRITE;
/*!40000 ALTER TABLE `favouriteProducts` DISABLE KEYS */;
INSERT INTO `favouriteProducts` VALUES ('40ceac2f-dd69-4d41-837e-34d992e28286','42d500da-e664-446d-bdf6-f19cdf68f228','9d1bcab1-eddd-4b6d-a7d6-86b43b6ea6af','2025-07-23 03:08:07','2025-07-23 03:08:07'),('d5438b4d-7c96-4c17-8331-78ef86728db3','42d500da-e664-446d-bdf6-f19cdf68f228','a479fa58-1ae6-42f3-ba74-75bcbfa80bfb','2025-07-23 03:13:41','2025-07-23 03:13:41');
/*!40000 ALTER TABLE `favouriteProducts` ENABLE KEYS */;
UNLOCK TABLES;

--
-- Table structure for table `otps`
--

DROP TABLE IF EXISTS `otps`;
/*!40101 SET @saved_cs_client     = @@character_set_client */;
/*!50503 SET character_set_client = utf8mb4 */;
CREATE TABLE `otps` (
  `id` int NOT NULL AUTO_INCREMENT,
  `email` varchar(255) NOT NULL,
  `otp` varchar(255) NOT NULL,
  `createdAt` datetime NOT NULL,
  `updatedAt` datetime NOT NULL,
  PRIMARY KEY (`id`)
) ENGINE=InnoDB AUTO_INCREMENT=6 DEFAULT CHARSET=utf8mb4 COLLATE=utf8mb4_0900_ai_ci;
/*!40101 SET character_set_client = @saved_cs_client */;

--
-- Dumping data for table `otps`
--

LOCK TABLES `otps` WRITE;
/*!40000 ALTER TABLE `otps` DISABLE KEYS */;
/*!40000 ALTER TABLE `otps` ENABLE KEYS */;
UNLOCK TABLES;

--
-- Table structure for table `payments`
--

DROP TABLE IF EXISTS `payments`;
/*!40101 SET @saved_cs_client     = @@character_set_client */;
/*!50503 SET character_set_client = utf8mb4 */;
CREATE TABLE `payments` (
  `id` char(36) CHARACTER SET utf8mb4 COLLATE utf8mb4_bin NOT NULL,
  `idPayment` varchar(255) NOT NULL,
  `userId` char(36) CHARACTER SET utf8mb4 COLLATE utf8mb4_bin NOT NULL,
  `productId` char(36) CHARACTER SET utf8mb4 COLLATE utf8mb4_bin NOT NULL,
  `quantity` int NOT NULL,
  `totalPrice` int NOT NULL,
  `fullName` varchar(255) DEFAULT NULL,
  `phoneNumber` varchar(255) DEFAULT NULL,
  `address` varchar(255) DEFAULT NULL,
  `nameCounpon` varchar(255) DEFAULT NULL,
  `typePayment` enum('cod','momo','vnpay') NOT NULL,
  `status` enum('pending','confirm','shipping','success','failed') NOT NULL DEFAULT 'pending',
  `driverId` char(36) CHARACTER SET utf8mb4 COLLATE utf8mb4_bin DEFAULT NULL,
  `createdAt` datetime NOT NULL,
  `updatedAt` datetime NOT NULL,
  PRIMARY KEY (`id`)
) ENGINE=InnoDB DEFAULT CHARSET=utf8mb4 COLLATE=utf8mb4_0900_ai_ci;
/*!40101 SET character_set_client = @saved_cs_client */;

--
-- Dumping data for table `payments`
--

LOCK TABLES `payments` WRITE;
/*!40000 ALTER TABLE `payments` DISABLE KEYS */;
INSERT INTO `payments` VALUES ('036ba10a-0937-45c0-b6ea-393bfa3300a0','PAY175332765010430104','cc7f68dd-738c-4bd6-bc7f-a556539251b5','9e5721ea-4cf4-4a79-a508-441d2051d842',1,123123,NULL,NULL,NULL,'TEST','cod','confirm',NULL,'2025-07-24 03:27:30','2025-07-24 03:27:32'),('04863f5f-2c06-4182-a57f-2001d25dba8b','PAY175332585550335503','cc7f68dd-738c-4bd6-bc7f-a556539251b5','9e5721ea-4cf4-4a79-a508-441d2051d842',1,123123,'Luân Trần','0899804328','bình yên nam thanh nam trực','TEST','cod','pending',NULL,'2025-07-24 02:57:35','2025-07-24 02:57:35'),('0f20a38a-28b7-41b7-b0f7-c6da8ea0b69b','PAY175332753870438704','cc7f68dd-738c-4bd6-bc7f-a556539251b5','a479fa58-1ae6-42f3-ba74-75bcbfa80bfb',1,50000,'Luân Trần','0899804328','bình yên nam thanh nam trực','TEST','cod','pending',NULL,'2025-07-24 03:25:38','2025-07-24 03:25:38'),('124393ec-8fd2-4e40-9cdc-1eeb502d9392','PAY175332830815728157','05f6188c-9213-4e88-a4d5-2696dfae09d1','9e5721ea-4cf4-4a79-a508-441d2051d842',1,123123,NULL,NULL,NULL,'TEST','vnpay','confirm',NULL,'2025-07-24 03:38:28','2025-07-24 03:38:32'),('128f3a51-bb9d-4435-a34b-7dad0f1f5415','PAY175324020117601176','42d500da-e664-446d-bdf6-f19cdf68f228','a479fa58-1ae6-42f3-ba74-75bcbfa80bfb',1,173123,'Luân Trần','0899804328','bình yên nam thanh nam trực','TEST','vnpay','success','05f6188c-9213-4e88-a4d5-2696dfae09d1','2025-07-23 03:10:01','2025-07-23 03:12:39'),('233b2c6a-ba66-419e-9835-88c850f576e7','PAY175332667197211972','cc7f68dd-738c-4bd6-bc7f-a556539251b5','9e5721ea-4cf4-4a79-a508-441d2051d842',1,123123,'Luân Trần','0899804328','bình yên nam thanh nam trực',NULL,'cod','pending',NULL,'2025-07-24 03:11:11','2025-07-24 03:11:11'),('23deb1e3-7a55-41d8-a4d2-7030c8e88e03','PAY175332768547805478','05f6188c-9213-4e88-a4d5-2696dfae09d1','a479fa58-1ae6-42f3-ba74-75bcbfa80bfb',1,50000,NULL,NULL,NULL,'TEST','cod','confirm',NULL,'2025-07-24 03:28:05','2025-07-24 03:28:10'),('2a264911-174a-4dfa-b391-bf3cb3cffbd3','PAY175332790735547355','05f6188c-9213-4e88-a4d5-2696dfae09d1','9e5721ea-4cf4-4a79-a508-441d2051d842',1,123123,NULL,NULL,NULL,'TEST','cod','failed',NULL,'2025-07-24 03:31:47','2025-07-24 03:41:35'),('30071ff8-3081-413e-b8fa-89fa7ec5aab3','PAY175323963671636716','42d500da-e664-446d-bdf6-f19cdf68f228','9e5721ea-4cf4-4a79-a508-441d2051d842',1,123123,'Luân Trần','0899804328','bình yên nam thanh nam trực',NULL,'vnpay','success','05f6188c-9213-4e88-a4d5-2696dfae09d1','2025-07-23 03:00:36','2025-07-23 03:01:13'),('30a5e55d-d421-4f2a-be0b-7ffde2bd44ca','PAY175332571982119821','cc7f68dd-738c-4bd6-bc7f-a556539251b5','9e5721ea-4cf4-4a79-a508-441d2051d842',1,123123,'Luân Trần','0899804328','bình yên nam thanh nam trực','TEST','cod','pending',NULL,'2025-07-24 02:55:19','2025-07-24 02:55:19'),('317d6477-24b5-4575-aba7-91f96448f593','PAY175332683185651856','cc7f68dd-738c-4bd6-bc7f-a556539251b5','9e5721ea-4cf4-4a79-a508-441d2051d842',1,123123,'Luân Trần','0899804328','bình yên nam thanh nam trực','TEST','cod','pending',NULL,'2025-07-24 03:13:51','2025-07-24 03:13:51'),('32ed2a70-c7db-48d0-81b1-d72171c4e62c','PAY175332725580155801','cc7f68dd-738c-4bd6-bc7f-a556539251b5','a479fa58-1ae6-42f3-ba74-75bcbfa80bfb',1,50000,'Luân Trần','0899804328','bình yên nam thanh nam trực',NULL,'cod','pending',NULL,'2025-07-24 03:20:55','2025-07-24 03:20:55'),('396cda8d-4d80-4ebb-9b96-8a619f193a2e','PAY175324020117601176','42d500da-e664-446d-bdf6-f19cdf68f228','9e5721ea-4cf4-4a79-a508-441d2051d842',1,173123,NULL,NULL,NULL,'TEST','vnpay','success','05f6188c-9213-4e88-a4d5-2696dfae09d1','2025-07-23 03:10:01','2025-07-23 03:12:39'),('3ff4c1e6-5ad5-4e3d-83e6-8f4a45a02fd4','PAY175332698687226872','cc7f68dd-738c-4bd6-bc7f-a556539251b5','9e5721ea-4cf4-4a79-a508-441d2051d842',1,123123,'Luân Trần','0899804328','bình yên nam thanh nam trực','TEST','cod','pending',NULL,'2025-07-24 03:16:26','2025-07-24 03:16:26'),('409257f9-b68f-458d-8035-d52cebec36d0','PAY175332775453014530','05f6188c-9213-4e88-a4d5-2696dfae09d1','a479fa58-1ae6-42f3-ba74-75bcbfa80bfb',1,50000,'Luân Trần','0899804328','bình yên nam thanh nam trực','TEST','cod','failed',NULL,'2025-07-24 03:29:14','2025-07-24 03:41:38'),('44a8a4e0-900a-4ccd-baa7-774e57fc72bf','PAY175332817462114621','05f6188c-9213-4e88-a4d5-2696dfae09d1','a479fa58-1ae6-42f3-ba74-75bcbfa80bfb',1,50000,'Luân Trần','0899804328','bình yên nam thanh nam trực','TEST','vnpay','failed',NULL,'2025-07-24 03:36:14','2025-07-24 03:41:33'),('51d09007-b3ee-40fc-bfa1-9b9d0f4e7279','PAY175332768547805478','05f6188c-9213-4e88-a4d5-2696dfae09d1','9e5721ea-4cf4-4a79-a508-441d2051d842',1,123123,'Luân Trần','0899804328','bình yên nam thanh nam trực','TEST','cod','confirm',NULL,'2025-07-24 03:28:05','2025-07-24 03:28:10'),('586d85c3-4842-4c01-8cb8-7bc0e96ead98','PAY175332753870538705','cc7f68dd-738c-4bd6-bc7f-a556539251b5','9e5721ea-4cf4-4a79-a508-441d2051d842',1,123123,NULL,NULL,NULL,'TEST','cod','pending',NULL,'2025-07-24 03:25:38','2025-07-24 03:25:38'),('58e3911b-4836-4160-abc5-ca11f4d0cc9a','PAY175332798962909629','05f6188c-9213-4e88-a4d5-2696dfae09d1','a479fa58-1ae6-42f3-ba74-75bcbfa80bfb',1,50000,'Luân Trần','0899804328','bình yên nam thanh nam trực','TEST','cod','failed',NULL,'2025-07-24 03:33:09','2025-07-24 03:41:36'),('676d4cdd-2ef5-4108-a0f5-960953e6f5b5','PAY175332839139451394','05f6188c-9213-4e88-a4d5-2696dfae09d1','9e5721ea-4cf4-4a79-a508-441d2051d842',1,123123,'Luân Trần','0899804328','bình yên nam thanh nam trực',NULL,'momo','confirm',NULL,'2025-07-24 03:39:51','2025-07-24 03:39:55'),('6bda4faa-892a-4439-99df-a055e54d0932','PAY175332781672016720','05f6188c-9213-4e88-a4d5-2696dfae09d1','a479fa58-1ae6-42f3-ba74-75bcbfa80bfb',1,50000,NULL,NULL,NULL,'TEST','cod','confirm',NULL,'2025-07-24 03:30:16','2025-07-24 03:30:20'),('6d2e2454-536c-4399-9f73-12a24463cc87','PAY175332822766807668','05f6188c-9213-4e88-a4d5-2696dfae09d1','a479fa58-1ae6-42f3-ba74-75bcbfa80bfb',1,50000,NULL,NULL,NULL,'TEST','vnpay','failed',NULL,'2025-07-24 03:37:07','2025-07-24 03:41:37'),('7c84fb5c-b139-4ba4-9ebf-ab3c39e43c43','PAY175332822766807668','05f6188c-9213-4e88-a4d5-2696dfae09d1','9e5721ea-4cf4-4a79-a508-441d2051d842',1,123123,'Luân Trần','0899804328','bình yên nam thanh nam trực','TEST','vnpay','failed',NULL,'2025-07-24 03:37:07','2025-07-24 03:41:37'),('85c8058e-8e27-4c6f-8363-e16fa98c92f0','PAY175332802467144671','05f6188c-9213-4e88-a4d5-2696dfae09d1','a479fa58-1ae6-42f3-ba74-75bcbfa80bfb',1,50000,NULL,NULL,NULL,'TEST','cod','confirm',NULL,'2025-07-24 03:33:44','2025-07-24 03:33:47'),('8a51bd54-0bba-4265-898a-96e9ef3c98d5','PAY175332690196701967','cc7f68dd-738c-4bd6-bc7f-a556539251b5','9e5721ea-4cf4-4a79-a508-441d2051d842',1,123123,NULL,NULL,NULL,'TEST','cod','pending',NULL,'2025-07-24 03:15:01','2025-07-24 03:15:01'),('8f836eaa-2fb2-475e-8adf-546cdb853a0a','PAY175332802467144671','05f6188c-9213-4e88-a4d5-2696dfae09d1','9e5721ea-4cf4-4a79-a508-441d2051d842',1,123123,'Luân Trần','0899804328','bình yên nam thanh nam trực','TEST','cod','confirm',NULL,'2025-07-24 03:33:44','2025-07-24 03:33:47'),('9f7e0793-dd34-4168-98e1-ef0d2e0a2bee','PAY175332798962909629','05f6188c-9213-4e88-a4d5-2696dfae09d1','9e5721ea-4cf4-4a79-a508-441d2051d842',1,123123,NULL,NULL,NULL,'TEST','cod','failed',NULL,'2025-07-24 03:33:09','2025-07-24 03:41:36'),('a051d6d9-476e-4522-8412-0a4dc4855691','PAY175332765010430104','cc7f68dd-738c-4bd6-bc7f-a556539251b5','a479fa58-1ae6-42f3-ba74-75bcbfa80bfb',1,50000,'Luân Trần','0899804328','bình yên nam thanh nam trực','TEST','cod','confirm',NULL,'2025-07-24 03:27:30','2025-07-24 03:27:32'),('a0bc0ff2-0305-44f9-8fc5-edfdc6a463bb','PAY175332698687226872','cc7f68dd-738c-4bd6-bc7f-a556539251b5','a479fa58-1ae6-42f3-ba74-75bcbfa80bfb',1,50000,NULL,NULL,NULL,'TEST','cod','pending',NULL,'2025-07-24 03:16:26','2025-07-24 03:16:26'),('b3e1c64a-0e3d-40f2-9880-6542d048fbb2','PAY175332690196701967','cc7f68dd-738c-4bd6-bc7f-a556539251b5','a479fa58-1ae6-42f3-ba74-75bcbfa80bfb',1,50000,'Luân Trần','0899804328','bình yên nam thanh nam trực','TEST','cod','pending',NULL,'2025-07-24 03:15:01','2025-07-24 03:15:01'),('b991ee3f-f1f2-482b-b390-0534aca37a12','PAY175266340672346723','42d500da-e664-446d-bdf6-f19cdf68f228','9d1bcab1-eddd-4b6d-a7d6-86b43b6ea6af',2,50000,'Luân Trần','0899804328','bình yên nam thanh nam trực','TEST3','momo','failed','05f6188c-9213-4e88-a4d5-2696dfae09d1','2025-07-16 10:56:46','2025-07-16 10:58:33'),('c1429f5f-8657-458e-bfed-f828818ca46b','PAY175332665408554085','cc7f68dd-738c-4bd6-bc7f-a556539251b5','9e5721ea-4cf4-4a79-a508-441d2051d842',1,123123,'Luân Trần','0899804328','bình yên nam thanh nam trực','TEST','cod','pending',NULL,'2025-07-24 03:10:54','2025-07-24 03:10:54'),('c2082044-ff92-4618-b346-131d4288764e','PAY175332830815728157','05f6188c-9213-4e88-a4d5-2696dfae09d1','a479fa58-1ae6-42f3-ba74-75bcbfa80bfb',1,50000,'Luân Trần','0899804328','bình yên nam thanh nam trực','TEST','vnpay','confirm',NULL,'2025-07-24 03:38:28','2025-07-24 03:38:32'),('cb6704fb-d5a8-474c-9991-34380e71207b','PAY175264396237342373','42d500da-e664-446d-bdf6-f19cdf68f228','bd7a8a1a-9103-402b-9f05-e1a697e08cb2',1,150000,'Luân Trần','0899804328','bình yên nam thanh nam trực','TEST','vnpay','success','05f6188c-9213-4e88-a4d5-2696dfae09d1','2025-07-16 05:32:42','2025-07-16 05:34:17'),('cd4591c2-c7ea-482f-9535-291d3605ef00','PAY175332781672016720','05f6188c-9213-4e88-a4d5-2696dfae09d1','9e5721ea-4cf4-4a79-a508-441d2051d842',1,123123,'Luân Trần','0899804328','bình yên nam thanh nam trực','TEST','cod','confirm',NULL,'2025-07-24 03:30:16','2025-07-24 03:30:20'),('d011ca83-76d5-47b6-8b02-8f2ccac24ccc','PAY175255172087820878','cc7f68dd-738c-4bd6-bc7f-a556539251b5','bd7a8a1a-9103-402b-9f05-e1a697e08cb2',1,150000,'Luân Trần','0899804328','bình yên nam thanh nam trực','TEST','cod','success','05f6188c-9213-4e88-a4d5-2696dfae09d1','2025-07-15 03:55:20','2025-07-15 04:10:01'),('d29881eb-216e-49d2-b284-0111cb17608c','PAY175332790735547355','05f6188c-9213-4e88-a4d5-2696dfae09d1','a479fa58-1ae6-42f3-ba74-75bcbfa80bfb',1,50000,'Luân Trần','0899804328','bình yên nam thanh nam trực','TEST','cod','failed',NULL,'2025-07-24 03:31:47','2025-07-24 03:41:35'),('e680f019-174b-487b-911b-a0f9e3389164','PAY175332817462114621','05f6188c-9213-4e88-a4d5-2696dfae09d1','9e5721ea-4cf4-4a79-a508-441d2051d842',1,123123,NULL,NULL,NULL,'TEST','vnpay','failed',NULL,'2025-07-24 03:36:14','2025-07-24 03:41:33'),('e7c8352f-fb83-44f4-b255-5fdbec488429','PAY175255278559205592','cc7f68dd-738c-4bd6-bc7f-a556539251b5','ba873546-598f-4cb8-b66d-4d0202b7f53b',2,250000,'Luân Trần','0899804328','bình yên nam thanh nam trực','TEST','vnpay','success','05f6188c-9213-4e88-a4d5-2696dfae09d1','2025-07-15 04:13:05','2025-07-15 04:13:43'),('e8dd1cea-efa0-494f-90b4-0e42fff7bae1','PAY175255278559205592','cc7f68dd-738c-4bd6-bc7f-a556539251b5','bd7a8a1a-9103-402b-9f05-e1a697e08cb2',1,250000,NULL,NULL,NULL,'TEST','vnpay','success','05f6188c-9213-4e88-a4d5-2696dfae09d1','2025-07-15 04:13:05','2025-07-15 04:13:43'),('ebdafb8e-00bf-4712-8537-ca02a2da79a8','PAY175266502737847378','42d500da-e664-446d-bdf6-f19cdf68f228','9d1bcab1-eddd-4b6d-a7d6-86b43b6ea6af',2,50000,'Luân Trần','0899804328','bình yên nam thanh nam trực','TEST3','vnpay','success','42d500da-e664-446d-bdf6-f19cdf68f228','2025-07-16 11:23:47','2025-07-16 11:25:52'),('ed391b12-f426-4449-9e55-f31489e383a6','PAY175332668748627486','cc7f68dd-738c-4bd6-bc7f-a556539251b5','9e5721ea-4cf4-4a79-a508-441d2051d842',1,123123,'Luân Trần','0899804328','bình yên nam thanh nam trực',NULL,'cod','pending',NULL,'2025-07-24 03:11:27','2025-07-24 03:11:27'),('fe516aa8-fd7e-498c-b43a-5423127021b2','PAY175332775453014530','05f6188c-9213-4e88-a4d5-2696dfae09d1','9e5721ea-4cf4-4a79-a508-441d2051d842',1,123123,NULL,NULL,NULL,'TEST','cod','failed',NULL,'2025-07-24 03:29:14','2025-07-24 03:41:38');
/*!40000 ALTER TABLE `payments` ENABLE KEYS */;
UNLOCK TABLES;

--
-- Table structure for table `previewProducts`
--

DROP TABLE IF EXISTS `previewProducts`;
/*!40101 SET @saved_cs_client     = @@character_set_client */;
/*!50503 SET character_set_client = utf8mb4 */;
CREATE TABLE `previewProducts` (
  `id` char(36) CHARACTER SET utf8mb4 COLLATE utf8mb4_bin NOT NULL,
  `content` text NOT NULL,
  `productId` char(36) CHARACTER SET utf8mb4 COLLATE utf8mb4_bin NOT NULL,
  `userId` char(36) CHARACTER SET utf8mb4 COLLATE utf8mb4_bin NOT NULL,
  `rating` int NOT NULL,
  `createdAt` datetime NOT NULL,
  `updatedAt` datetime NOT NULL,
  PRIMARY KEY (`id`)
) ENGINE=InnoDB DEFAULT CHARSET=utf8mb4 COLLATE=utf8mb4_0900_ai_ci;
/*!40101 SET character_set_client = @saved_cs_client */;

--
-- Dumping data for table `previewProducts`
--

LOCK TABLES `previewProducts` WRITE;
/*!40000 ALTER TABLE `previewProducts` DISABLE KEYS */;
INSERT INTO `previewProducts` VALUES ('3a5d6a80-1cc6-471d-b998-ac516337131f','431','bd7a8a1a-9103-402b-9f05-e1a697e08cb2','cc7f68dd-738c-4bd6-bc7f-a556539251b5',4,'2025-07-15 04:27:51','2025-07-15 04:27:51'),('47170e4c-0f43-4368-b429-136244880972','tốt 2','9d1bcab1-eddd-4b6d-a7d6-86b43b6ea6af','42d500da-e664-446d-bdf6-f19cdf68f228',5,'2025-07-16 10:59:52','2025-07-16 11:00:11'),('55884d9c-9f75-42d5-b978-ac9466b7817b','rất tốt, ngon !','9d1bcab1-eddd-4b6d-a7d6-86b43b6ea6af','42d500da-e664-446d-bdf6-f19cdf68f228',5,'2025-07-16 11:28:47','2025-07-16 11:29:10'),('6cf677aa-0bc3-4bf2-a427-9cb66ccf30c1','2','ba873546-598f-4cb8-b66d-4d0202b7f53b','cc7f68dd-738c-4bd6-bc7f-a556539251b5',3,'2025-07-15 04:37:45','2025-07-15 04:37:45'),('94a8b00d-fdf9-4635-94c9-e5f714cc0989','123','9e5721ea-4cf4-4a79-a508-441d2051d842','42d500da-e664-446d-bdf6-f19cdf68f228',5,'2025-07-23 03:10:45','2025-07-23 03:13:30'),('a51e6b64-5298-4e6d-aad8-ed4517064957','tốt ','ba873546-598f-4cb8-b66d-4d0202b7f53b','cc7f68dd-738c-4bd6-bc7f-a556539251b5',5,'2025-07-15 04:27:16','2025-07-15 04:27:16'),('c0eacc3d-4bdd-44ec-b4c3-5f14fd32ca64','tệ','bd7a8a1a-9103-402b-9f05-e1a697e08cb2','cc7f68dd-738c-4bd6-bc7f-a556539251b5',1,'2025-07-15 04:31:20','2025-07-15 04:31:20');
/*!40000 ALTER TABLE `previewProducts` ENABLE KEYS */;
UNLOCK TABLES;

--
-- Table structure for table `products`
--

DROP TABLE IF EXISTS `products`;
/*!40101 SET @saved_cs_client     = @@character_set_client */;
/*!50503 SET character_set_client = utf8mb4 */;
CREATE TABLE `products` (
  `id` char(36) CHARACTER SET utf8mb4 COLLATE utf8mb4_bin NOT NULL,
  `categoryId` char(36) CHARACTER SET utf8mb4 COLLATE utf8mb4_bin NOT NULL,
  `productName` varchar(255) NOT NULL,
  `productImage` varchar(255) NOT NULL,
  `productPrice` int NOT NULL,
  `productDescription` text NOT NULL,
  `productStatus` enum('active','inactive') NOT NULL DEFAULT 'active',
  `createdAt` datetime NOT NULL,
  `updatedAt` datetime NOT NULL,
  PRIMARY KEY (`id`)
) ENGINE=InnoDB DEFAULT CHARSET=utf8mb4 COLLATE=utf8mb4_0900_ai_ci;
/*!40101 SET character_set_client = @saved_cs_client */;

--
-- Dumping data for table `products`
--

LOCK TABLES `products` WRITE;
/*!40000 ALTER TABLE `products` DISABLE KEYS */;
INSERT INTO `products` VALUES ('9d1bcab1-eddd-4b6d-a7d6-86b43b6ea6af','584b127e-62db-420d-9101-42e0f14c5711','Chè Thái Út Lyly','https://res.cloudinary.com/ddcprrz4v/image/upload/v1752663282/khrqp4remkk2xtcgopem.jpg',25000,'formattedTopSellingProducts sẽ là mảng chứa mỗi sản phẩm duy nhất, với tổng số lượng đã được cộng dồn (sold).\n\nTối ưu hơn, bạn có thể kết hợp productId IN (...) thay vì findOne từng cái nếu muốn tối ưu performance thêm nữa.','active','2025-07-16 10:54:43','2025-07-16 10:54:43'),('9e5721ea-4cf4-4a79-a508-441d2051d842','a4cf83b4-dac1-4860-9c22-c2ae13071ed5','TH true mart 3 - Cộng Hòa - 70000188','https://res.cloudinary.com/ddcprrz4v/image/upload/v1753196531/ldmpn1uoqk5km0ozoqyr.png',123123,'123','active','2025-07-22 15:02:12','2025-07-23 02:16:05'),('a479fa58-1ae6-42f3-ba74-75bcbfa80bfb','0812e6c9-f5b7-497e-9ac4-b9f0b845d368','Chè Thái Út Lyly 2','https://res.cloudinary.com/ddcprrz4v/image/upload/v1752665295/b09lrzciupqajlnuji3l.png',50000,'formattedTopSellingProducts sẽ là mảng chứa mỗi sản phẩm duy nhất, với tổng số lượng đã được cộng dồn (sold). Tối ưu hơn, bạn có thể kết hợp productId IN (...) thay vì findOne từng cái nếu muốn tối ưu performance thêm nữa.','active','2025-07-16 11:28:16','2025-07-16 11:28:16');
/*!40000 ALTER TABLE `products` ENABLE KEYS */;
UNLOCK TABLES;

--
-- Table structure for table `questions`
--

DROP TABLE IF EXISTS `questions`;
/*!40101 SET @saved_cs_client     = @@character_set_client */;
/*!50503 SET character_set_client = utf8mb4 */;
CREATE TABLE `questions` (
  `id` char(36) CHARACTER SET utf8mb4 COLLATE utf8mb4_bin NOT NULL,
  `userId` varchar(255) NOT NULL,
  `adminId` varchar(255) DEFAULT NULL,
  `question` text NOT NULL,
  `title` varchar(255) DEFAULT NULL,
  `answer` text,
  `status` varchar(255) NOT NULL DEFAULT 'pending',
  `createdAt` datetime NOT NULL,
  `updatedAt` datetime NOT NULL,
  PRIMARY KEY (`id`)
) ENGINE=InnoDB DEFAULT CHARSET=utf8mb4 COLLATE=utf8mb4_0900_ai_ci;
/*!40101 SET character_set_client = @saved_cs_client */;

--
-- Dumping data for table `questions`
--

LOCK TABLES `questions` WRITE;
/*!40000 ALTER TABLE `questions` DISABLE KEYS */;
INSERT INTO `questions` VALUES ('8d604932-c195-4309-8633-a7e1512f61e1','42d500da-e664-446d-bdf6-f19cdf68f228','42d500da-e664-446d-bdf6-f19cdf68f228','Thời gian giao hàng mất bao lâu?','Thời gian giao hàng mất bao lâu?','Thời gian giao hàng thông thường từ 2-5 ngày làm việc tùy thuộc vào khu vực của bạn. Đối với các khu vực nội thành, thời gian giao hàng có thể nhanh hơn, khoảng 1-2 ngày. 123','success','2025-07-22 09:46:31','2025-07-22 10:19:11'),('8e6583fc-e292-4572-b2a0-645d5e9571ed','42d500da-e664-446d-bdf6-f19cdf68f228','42d500da-e664-446d-bdf6-f19cdf68f228','test 3','test 3','tét 2','success','2025-07-23 03:13:03','2025-07-23 03:17:58'),('ce5d0b56-2dc4-427a-93bb-b095aba2d631','42d500da-e664-446d-bdf6-f19cdf68f228','42d500da-e664-446d-bdf6-f19cdf68f228','Làm thế nào để đặt hàng trên website?','Làm thế nào để đặt hàng trên website?','oke','success','2025-07-22 08:20:58','2025-07-22 10:18:11'),('cefbd1cf-49fe-4476-a147-9630e00074ec','42d500da-e664-446d-bdf6-f19cdf68f228','42d500da-e664-446d-bdf6-f19cdf68f228','Bạn có thắc mắc khác? Hãy gửi câu hỏi cho chúng tôi và chúng tôi sẽ phản hồi trong thời gian sớm nhất.\n','Bạn có thắc mắc khác? Hãy gửi câu hỏi cho chúng tôi và chúng tôi sẽ phản hồi trong thời gian sớm nhất.','Bạn có thắc mắc khác? Hãy gửi câu hỏi cho chúng tôi và chúng tôi sẽ phản hồi trong thời gian sớm nhất.\n','success','2025-07-23 03:18:06','2025-07-23 03:18:12');
/*!40000 ALTER TABLE `questions` ENABLE KEYS */;
UNLOCK TABLES;

--
-- Table structure for table `users`
--

DROP TABLE IF EXISTS `users`;
/*!40101 SET @saved_cs_client     = @@character_set_client */;
/*!50503 SET character_set_client = utf8mb4 */;
CREATE TABLE `users` (
  `id` char(36) CHARACTER SET utf8mb4 COLLATE utf8mb4_bin NOT NULL,
  `avatar` varchar(255) DEFAULT NULL,
  `fullName` varchar(255) NOT NULL,
  `phone` varchar(255) DEFAULT NULL,
  `address` varchar(255) DEFAULT NULL,
  `email` varchar(255) NOT NULL,
  `password` varchar(255) DEFAULT NULL,
  `role` enum('admin','user','driver') NOT NULL DEFAULT 'user',
  `typeLogin` enum('google','email') NOT NULL,
  `createdAt` datetime NOT NULL,
  `updatedAt` datetime NOT NULL,
  PRIMARY KEY (`id`)
) ENGINE=InnoDB DEFAULT CHARSET=utf8mb4 COLLATE=utf8mb4_0900_ai_ci;
/*!40101 SET character_set_client = @saved_cs_client */;

--
-- Dumping data for table `users`
--

LOCK TABLES `users` WRITE;
/*!40000 ALTER TABLE `users` DISABLE KEYS */;
INSERT INTO `users` VALUES ('05f6188c-9213-4e88-a4d5-2696dfae09d1','https://res.cloudinary.com/ddcprrz4v/image/upload/v1753239581/cmoakagq8y2ptshncmwo.png','Trần Luân 23','0899804328','Nam Định222','ttluan1103@gmail.com','$2b$10$4y.kQnWn.dmOxBk2fRaOL.2..PnGtlm1sNh7r8PEtDe7RrU5bT32y','driver','email','2025-07-14 09:49:37','2025-07-23 02:59:41'),('42d500da-e664-446d-bdf6-f19cdf68f228','https://res.cloudinary.com/ddcprrz4v/image/upload/v1753239037/jziohheubphbtojd1t08.png','ADMIN','0899804328','bình yên nam thanh nam trực','l2team.contact@gmail.com',NULL,'user','google','2025-07-14 09:49:06','2025-07-23 03:18:26'),('cc7f68dd-738c-4bd6-bc7f-a556539251b5',NULL,'Luân Trần','0899804328','bình yên nam thanh nam trực','ttluan113@gmail.com','$2b$10$aEWvhyWkyiC0G2yqm/IBzeVvLk10dxuDqm.uUJcfVE3BDiDPhMt5W','admin','google','2025-07-14 04:04:51','2025-07-24 04:07:24');
/*!40000 ALTER TABLE `users` ENABLE KEYS */;
UNLOCK TABLES;
/*!40103 SET TIME_ZONE=@OLD_TIME_ZONE */;

/*!40101 SET SQL_MODE=@OLD_SQL_MODE */;
/*!40014 SET FOREIGN_KEY_CHECKS=@OLD_FOREIGN_KEY_CHECKS */;
/*!40014 SET UNIQUE_CHECKS=@OLD_UNIQUE_CHECKS */;
/*!40101 SET CHARACTER_SET_CLIENT=@OLD_CHARACTER_SET_CLIENT */;
/*!40101 SET CHARACTER_SET_RESULTS=@OLD_CHARACTER_SET_RESULTS */;
/*!40101 SET COLLATION_CONNECTION=@OLD_COLLATION_CONNECTION */;
/*!40111 SET SQL_NOTES=@OLD_SQL_NOTES */;

-- Dump completed on 2025-07-25 11:53:44
